legal_name,city,county,state,zip,vertical,naics_code,owner_name,owner_age_estimate,owner_tenure_years,years_in_business,employee_count_estimate,entity_status,is_distressed,layer1_base_rate,layer1_comment,layer2_sellability,layer2_comment,layer3_behavioral_trigger,layer3_comment,layer4_market_pull,layer4_comment,final_score,final_tier,confidence,data_completeness,deep_dive_pending,final_comment,value_add_thesis,score_run_id,spine_index,owner_age_source
"Thad Ziegler Glass, Ltd.",San Antonio,Bexar,TX,,glass_services,238150,Ziegler family (descendants of Thad Ziegler),60,,133,45,Active,False,67,"owner ~60 (58-62 band), tenure 133yr",78,"mixed/residential mix, ~45 FTE, 133yr",42,2 weighted coasting tells (0 high) | succession_done=True,70,San Antonio,63,B_forward,medium,0.62,False,"L1=67 (owner ~60 (58-62 band), tenure 133yr) L2=78 L3=42 L4=70 → final 63. Family successor already in place. Tier B_forward based on owner age + coasting tells + market pull.",Watch-list candidate — succession window approaching. Residential + shower mix; needs commercial diversification. Forward to ETA buyer with 6-12mo monitoring cadence.,3e6f3700-c6f2-47f1-997a-dc420d9fa1f5,0,"heuristic_founded_pre_1950_multi_gen — site says 'oldest family-operated glass company in the U.S.A.', implying 4+ generations; current operating principals likely 55-70"
Samuel's Glass Company,San Antonio,Bexar,TX,,glass_services,238150,Samuel family (multi-generational),60,,112,30,Active,False,67,"owner ~60 (58-62 band), tenure 112yr",78,"mixed/residential mix, ~30 FTE, 112yr",27,1 weighted coasting tells (0 high) | succession_done=True,70,San Antonio,58,C_watch,medium,0.62,False,"L1=67 (owner ~60 (58-62 band), tenure 112yr) L2=78 L3=27 L4=70 → final 58. Family successor already in place. Tier C_watch based on owner age + coasting tells + market pull.",Monitor for 12-24mo. Re-score after enrichment of successor / financials.,3e6f3700-c6f2-47f1-997a-dc420d9fa1f5,1,heuristic_founded_pre_1950_multi_gen
GB Glass & Screen,San Antonio,Bexar,TX,,glass_services,238150,"Gabriel (founder, surname undisclosed on site)",55,,19,5,Active,False,43,"owner ~55 (53-57 band), tenure 19yr",68,"mixed/residential mix, ~5 FTE, 19yr",60,2 weighted coasting tells (0 high) | succession_done=False,70,San Antonio,58,C_watch,medium,0.65,False,"L1=43 (owner ~55 (53-57 band), tenure 19yr) L2=68 L3=60 L4=70 → final 58. Tier C_watch based on owner age + coasting tells + market pull.",Monitor for 12-24mo. Re-score after enrichment of successor / financials.,3e6f3700-c6f2-47f1-997a-dc420d9fa1f5,2,heuristic_founded_2000-2010_original_founder
Affordable Glass and Mirrors,San Antonio,Bexar,TX,,glass_services,238150,founder/family undisclosed on site,68,,47,6,Active,False,92,"owner ~68 (68+ band), tenure 47yr",74,"mixed/residential mix, ~6 FTE, 47yr",85,4 weighted coasting tells (0 high) | succession_done=False,70,San Antonio,82,B_forward,low,0.55,False,"L1=92 (owner ~68 (68+ band), tenure 47yr) L2=74 L3=85 L4=70 → final 82. Tier B_forward based on owner age + coasting tells + market pull.",Watch-list candidate — succession window approaching. Residential + shower mix; needs commercial diversification. Forward to ETA buyer with 6-12mo monitoring cadence.,3e6f3700-c6f2-47f1-997a-dc420d9fa1f5,3,heuristic_founded_pre_1980_original_or_second_gen — 47-year tenure implies founder is ~70 or has handed to son/daughter ~55-65
Shower Doors Today LLC,San Antonio,Bexar,TX,,glass_services,238150,founder undisclosed on site,45,,10,4,Active,False,20,"owner ~45 (<53 band), tenure 10yr",61,"mixed/residential mix, ~4 FTE, 10yr",45,1 weighted coasting tells (0 high) | succession_done=False,70,San Antonio,45,C_watch,low,0.55,False,"L1=20 (owner ~45 (<53 band), tenure 10yr) L2=61 L3=45 L4=70 → final 45. Tier C_watch based on owner age + coasting tells + market pull.",Monitor for 12-24mo. Re-score after enrichment of successor / financials.,3e6f3700-c6f2-47f1-997a-dc420d9fa1f5,4,heuristic_founded_post_2010_original_founder
Mike and Son Glass Service,San Antonio,Bexar,TX,,glass_services,238150,Mike (founder) + son (named in DBA),62,,24,4,Active,False,71,"owner ~62 (58-62 band), tenure 24yr",70,"mixed/residential mix, ~4 FTE, 24yr",70,3 weighted coasting tells (0 high) | succession_done=False,70,San Antonio,70,B_forward,low,0.45,False,"L1=71 (owner ~62 (58-62 band), tenure 24yr) L2=70 L3=70 L4=70 → final 70. Family successor already in place. Tier B_forward based on owner age + coasting tells + market pull.",Watch-list candidate — succession window approaching. Residential + shower mix; needs commercial diversification. Forward to ETA buyer with 6-12mo monitoring cadence.,3e6f3700-c6f2-47f1-997a-dc420d9fa1f5,5,heuristic_father_son_operation_father_typically_60-70 — son in DBA suggests succession active
Alamo Glass and Mirror Company,Dallas,Dallas,TX,,glass_services,238150,Alamo family (multi-generational); current operator undisclosed on site,60,,83,25,Active,False,67,"owner ~60 (58-62 band), tenure 83yr",78,"mixed/residential mix, ~25 FTE, 83yr",42,2 weighted coasting tells (0 high) | succession_done=True,67,DFW/Houston/Austin,62,B_forward,medium,0.62,False,"L1=67 (owner ~60 (58-62 band), tenure 83yr) L2=78 L3=42 L4=67 → final 62. Family successor already in place. Tier B_forward based on owner age + coasting tells + market pull.",Watch-list candidate — succession window approaching. Residential + shower mix; needs commercial diversification. Forward to ETA buyer with 6-12mo monitoring cadence.,3e6f3700-c6f2-47f1-997a-dc420d9fa1f5,6,heuristic_founded_pre_1950_multi_gen
Mister Glass Inc.,Dallas,Dallas,TX,,glass_services,238150,founding family — 3rd generation per spine,50,,66,15,Active,False,29,"owner ~50 (<53 band), tenure 66yr",76,"mixed/residential mix, ~15 FTE, 66yr",42,2 weighted coasting tells (0 high) | succession_done=True,67,DFW/Houston/Austin,50,C_watch,medium,0.62,False,"L1=29 (owner ~50 (<53 band), tenure 66yr) L2=76 L3=42 L4=67 → final 50. Family successor already in place. Tier C_watch based on owner age + coasting tells + market pull.",Monitor for 12-24mo. Re-score after enrichment of successor / financials.,3e6f3700-c6f2-47f1-997a-dc420d9fa1f5,7,heuristic_3rd_generation_current_operator_typically_45-60
"Imperial Glass TX, LLC",Dallas,Dallas,TX,,glass_services,238150,founder/family undisclosed on site,60,,26,8,Active,False,67,"owner ~60 (58-62 band), tenure 26yr",74,"mixed/residential mix, ~8 FTE, 26yr",70,3 weighted coasting tells (0 high) | succession_done=False,67,DFW/Houston/Austin,70,B_forward,low,0.58,False,"L1=67 (owner ~60 (58-62 band), tenure 26yr) L2=74 L3=70 L4=67 → final 70. Tier B_forward based on owner age + coasting tells + market pull.",Watch-list candidate — succession window approaching. Residential + shower mix; needs commercial diversification. Forward to ETA buyer with 6-12mo monitoring cadence.,3e6f3700-c6f2-47f1-997a-dc420d9fa1f5,8,heuristic_founded_2000_original_founder_typically_55-65_now
Covarrubias Glass & Mirror LLC,Dallas,Dallas,TX,,glass_services,238150,Covarrubias family (per legal name),52,,16,8,Active,False,27,"owner ~52 (<53 band), tenure 16yr",72,"mixed/residential mix, ~8 FTE, 16yr",45,1 weighted coasting tells (0 high) | succession_done=False,67,DFW/Houston/Austin,50,C_watch,low,0.5,False,"L1=27 (owner ~52 (<53 band), tenure 16yr) L2=72 L3=45 L4=67 → final 50. Tier C_watch based on owner age + coasting tells + market pull.",Monitor for 12-24mo. Re-score after enrichment of successor / financials.,3e6f3700-c6f2-47f1-997a-dc420d9fa1f5,9,heuristic_small_family_LLC_commercial_GC_work
Addison Glass & Mirror Inc,Carrollton,Dallas,TX,,glass_services,238150,founder/family undisclosed on site,70,,46,10,Active,False,94,"owner ~70 (68+ band), tenure 46yr",74,"mixed/residential mix, ~10 FTE, 46yr",70,3 weighted coasting tells (0 high) | succession_done=False,67,DFW/Houston/Austin,78,A_acquire_self,medium,0.6,True,"L1=94 (owner ~70 (68+ band), tenure 46yr) L2=74 L3=70 L4=67 → final 78. Tier A_acquire_self based on owner age + coasting tells + market pull.","Acquire long-tenure operator with no published successor. Modernize (CRM, dispatch, route optimization). Add commercial-glazing capability. EBITDA uplift 25-40% via ops modernization.",3e6f3700-c6f2-47f1-997a-dc420d9fa1f5,10,heuristic_founded_1980_original_founder_now_~70
"JPON Glass Company, Inc.",Garland,Dallas,TX,,glass_services,238150,founder/family undisclosed on site,67,,40,12,Active,False,91,"owner ~67 (63-67 band), tenure 40yr",76,"mixed/residential mix, ~12 FTE, 40yr",60,2 weighted coasting tells (0 high) | succession_done=False,67,DFW/Houston/Austin,74,B_forward,low,0.58,False,"L1=91 (owner ~67 (63-67 band), tenure 40yr) L2=76 L3=60 L4=67 → final 74. Tier B_forward based on owner age + coasting tells + market pull.",Watch-list candidate — succession window approaching. Residential + shower mix; needs commercial diversification. Forward to ETA buyer with 6-12mo monitoring cadence.,3e6f3700-c6f2-47f1-997a-dc420d9fa1f5,11,heuristic_founded_1986_original_founder_now_~67
Garland Glass & Mirror,Rowlett,Dallas,TX,,glass_services,238150,founder/family undisclosed on site,60,,66,25,Active,False,67,"owner ~60 (58-62 band), tenure 66yr",78,"mixed/residential mix, ~25 FTE, 66yr",27,1 weighted coasting tells (0 high) | succession_done=True,67,DFW/Houston/Austin,58,C_watch,medium,0.65,False,"L1=67 (owner ~60 (58-62 band), tenure 66yr) L2=78 L3=27 L4=67 → final 58. Family successor already in place. Tier C_watch based on owner age + coasting tells + market pull.",Monitor for 12-24mo. Re-score after enrichment of successor / financials.,3e6f3700-c6f2-47f1-997a-dc420d9fa1f5,12,heuristic_60yr_brand_likely_2nd_or_3rd_gen_now
Ennis Glass,Ennis,Ellis,TX,,glass_services,238150,"Chris Vasquez and Mike Vasquez (sons of founder Ray Vasquez, took over 2019)",48,,40,12,Active,False,27,"owner ~48 (<53 band), tenure 40yr",76,"mixed/residential mix, ~12 FTE, 40yr",27,1 weighted coasting tells (0 high) | succession_done=True,67,DFW/Houston/Austin,45,C_watch,medium,0.72,False,"L1=27 (owner ~48 (<53 band), tenure 40yr) L2=76 L3=27 L4=67 → final 45. Family successor already in place. Tier C_watch based on owner age + coasting tells + market pull.",Monitor for 12-24mo. Re-score after enrichment of successor / financials.,3e6f3700-c6f2-47f1-997a-dc420d9fa1f5,13,heuristic_explicit_succession_2019_sons_typically_40-55_at_handoff
Sonora Glass and Mirror,Dallas,Dallas,TX,,glass_services,238150,founder/family undisclosed (WebFetch returned empty per spine),58,,20,4,unknown_needs_comptroller_verification,False,55,"owner ~58 (58-62 band), tenure 20yr",63,"mixed/residential mix, ~4 FTE, 20yr",85,4 weighted coasting tells (0 high) | succession_done=False,67,DFW/Houston/Austin,68,B_forward,low,0.3,False,"L1=55 (owner ~58 (58-62 band), tenure 20yr) L2=63 L3=85 L4=67 → final 68. Tier B_forward based on owner age + coasting tells + market pull.",Watch-list candidate — succession window approaching. Residential + shower mix; needs commercial diversification. Forward to ETA buyer with 6-12mo monitoring cadence.,3e6f3700-c6f2-47f1-997a-dc420d9fa1f5,14,heuristic_~20yr_residential_shop_owner_typically_55-65
Ajax Glass & Mirror,Benbrook,Tarrant,TX,,glass_services,238150,founder/family undisclosed on site,60,,81,18,Active,False,67,"owner ~60 (58-62 band), tenure 81yr",76,"mixed/residential mix, ~18 FTE, 81yr",42,2 weighted coasting tells (0 high) | succession_done=True,67,DFW/Houston/Austin,62,B_forward,medium,0.6,False,"L1=67 (owner ~60 (58-62 band), tenure 81yr) L2=76 L3=42 L4=67 → final 62. Family successor already in place. Tier B_forward based on owner age + coasting tells + market pull.",Watch-list candidate — succession window approaching. Residential + shower mix; needs commercial diversification. Forward to ETA buyer with 6-12mo monitoring cadence.,3e6f3700-c6f2-47f1-997a-dc420d9fa1f5,15,heuristic_founded_pre_1950_multi_gen_current_~60
BJ Glass Company,Crandall,Kaufman,TX,,glass_services,238150,founder/family undisclosed on site (initials BJ suggest founder names),67,,40,20,Active,False,91,"owner ~67 (63-67 band), tenure 40yr",74,"mixed/residential mix, ~20 FTE, 40yr",45,1 weighted coasting tells (0 high) | succession_done=False,67,DFW/Houston/Austin,69,B_forward,medium,0.6,False,"L1=91 (owner ~67 (63-67 band), tenure 40yr) L2=74 L3=45 L4=67 → final 69. Tier B_forward based on owner age + coasting tells + market pull.",Watch-list candidate — succession window approaching. Residential + shower mix; needs commercial diversification. Forward to ETA buyer with 6-12mo monitoring cadence.,3e6f3700-c6f2-47f1-997a-dc420d9fa1f5,16,heuristic_founded_1986_original_founder_now_~67
"Kelley's Glass & Mirror, Inc.",Irving,Dallas,TX,,glass_services,238150,Son and son-in-law of founder Jerry Kelley (Jerry passed in 2020),50,,42,30,Active,False,29,"owner ~50 (<53 band), tenure 42yr",76,"mixed/residential mix, ~30 FTE, 42yr",27,1 weighted coasting tells (0 high) | succession_done=True,67,DFW/Houston/Austin,46,C_watch,medium,0.75,False,"L1=29 (owner ~50 (<53 band), tenure 42yr) L2=76 L3=27 L4=67 → final 46. Family successor already in place. Tier C_watch based on owner age + coasting tells + market pull.",Monitor for 12-24mo. Re-score after enrichment of successor / financials.,3e6f3700-c6f2-47f1-997a-dc420d9fa1f5,17,heuristic_2020_succession_to_son_son_in_law_typically_45-55_at_handoff
Jubilee Shower Doors,McKinney,Collin,TX,,glass_services,238150,founder/family undisclosed on site,55,,18,5,Active,False,43,"owner ~55 (53-57 band), tenure 18yr",61,"mixed/residential mix, ~5 FTE, 18yr",85,4 weighted coasting tells (0 high) | succession_done=False,67,DFW/Houston/Austin,64,B_forward,low,0.42,False,"L1=43 (owner ~55 (53-57 band), tenure 18yr) L2=61 L3=85 L4=67 → final 64. Tier B_forward based on owner age + coasting tells + market pull.",Watch-list candidate — succession window approaching. Residential + shower mix; needs commercial diversification. Forward to ETA buyer with 6-12mo monitoring cadence.,3e6f3700-c6f2-47f1-997a-dc420d9fa1f5,18,heuristic_small_specialty_shower_fabricator
"Plano Shower Door, LLC",Plano,Collin,TX,,glass_services,238150,founder/family undisclosed (30+ years experience per site implies owner age ~55-65),60,,18,4,Active,False,63,"owner ~60 (58-62 band), tenure 18yr",71,"mixed/residential mix, ~4 FTE, 18yr",60,2 weighted coasting tells (0 high) | succession_done=False,70,DFW/Houston/Austin | +3 premium-resi,65,B_forward,low,0.5,False,"L1=63 (owner ~60 (58-62 band), tenure 18yr) L2=71 L3=60 L4=70 → final 65. Tier B_forward based on owner age + coasting tells + market pull.",Watch-list candidate — succession window approaching. Residential + shower mix; needs commercial diversification. Forward to ETA buyer with 6-12mo monitoring cadence.,3e6f3700-c6f2-47f1-997a-dc420d9fa1f5,19,heuristic_30yr_glass_experience_+_LLC_age_owner_typically_55-65
"Elite Showers, LLC",McKinney,Collin,TX,,glass_services,238150,founder/family undisclosed on site,50,,16,8,Active,False,25,"owner ~50 (<53 band), tenure 16yr",75,"mixed/residential mix, ~8 FTE, 16yr",45,1 weighted coasting tells (0 high) | succession_done=False,67,DFW/Houston/Austin,50,C_watch,low,0.5,False,"L1=25 (owner ~50 (<53 band), tenure 16yr) L2=75 L3=45 L4=67 → final 50. Tier C_watch based on owner age + coasting tells + market pull.",Monitor for 12-24mo. Re-score after enrichment of successor / financials.,3e6f3700-c6f2-47f1-997a-dc420d9fa1f5,20,heuristic_younger_LLC_two_warehouse_locations_active_growth
Triple T Windows,Decatur,Wise,TX,,glass_services,238150,Shayla Taylor (daughter of founder Trey Taylor; succession in progress),42,,36,15,Active,False,21,"owner ~42 (<53 band), tenure 36yr",76,"mixed/residential mix, ~15 FTE, 36yr",27,1 weighted coasting tells (0 high) | succession_done=True,67,DFW/Houston/Austin,43,D_pass,medium,0.75,False,"L1=21 (owner ~42 (<53 band), tenure 36yr) L2=76 L3=27 L4=67 → final 43. Family successor already in place. Tier D_pass based on owner age + coasting tells + market pull.",Drop from acquisition pipeline. Recent succession to next-gen — committed for 10-15yr. Better candidates exist in this vertical.,3e6f3700-c6f2-47f1-997a-dc420d9fa1f5,21,heuristic_daughter_of_1990_founder_in_active_succession_2020s_typically_38-50
Hurst Glass and Screen,Hurst,Tarrant,TX,,glass_services,238150,founder/family undisclosed on site,65,,38,7,Active,False,85,"owner ~65 (63-67 band), tenure 38yr",67,"mixed/residential mix, ~7 FTE, 38yr",70,3 weighted coasting tells (0 high) | succession_done=False,67,DFW/Houston/Austin,73,B_forward,low,0.55,False,"L1=85 (owner ~65 (63-67 band), tenure 38yr) L2=67 L3=70 L4=67 → final 73. Tier B_forward based on owner age + coasting tells + market pull.",Watch-list candidate — succession window approaching. Residential + shower mix; needs commercial diversification. Forward to ETA buyer with 6-12mo monitoring cadence.,3e6f3700-c6f2-47f1-997a-dc420d9fa1f5,22,heuristic_founded_1988_original_founder_now_~65
Mansfield Glass & Windows,Mansfield,Tarrant,TX,,glass_services,238150,woman-owned per spine; name undisclosed,58,,26,6,Active,False,59,"owner ~58 (58-62 band), tenure 26yr",74,"mixed/residential mix, ~6 FTE, 26yr",60,2 weighted coasting tells (0 high) | succession_done=False,67,DFW/Houston/Austin,64,B_forward,medium,0.62,False,"L1=59 (owner ~58 (58-62 band), tenure 26yr) L2=74 L3=60 L4=67 → final 64. Tier B_forward based on owner age + coasting tells + market pull.",Watch-list candidate — succession window approaching. Residential + shower mix; needs commercial diversification. Forward to ETA buyer with 6-12mo monitoring cadence.,3e6f3700-c6f2-47f1-997a-dc420d9fa1f5,23,heuristic_25+yr_woman_owned_typically_55-65
"Heights Glass, Inc.",Houston,Harris,TX,,glass_services,238150,founder/family undisclosed on site,70,,48,10,Active,False,94,"owner ~70 (68+ band), tenure 48yr",74,"mixed/residential mix, ~10 FTE, 48yr",70,3 weighted coasting tells (0 high) | succession_done=False,67,DFW/Houston/Austin,78,A_acquire_self,medium,0.6,True,"L1=94 (owner ~70 (68+ band), tenure 48yr) L2=74 L3=70 L4=67 → final 78. Tier A_acquire_self based on owner age + coasting tells + market pull.","Acquire long-tenure operator with no published successor. Modernize (CRM, dispatch, route optimization). Add commercial-glazing capability. EBITDA uplift 25-40% via ops modernization.",3e6f3700-c6f2-47f1-997a-dc420d9fa1f5,24,heuristic_founded_1978_original_founder_now_~70
Buffalo Glass Co Inc,Houston,Harris,TX,,glass_services,238150,Novak family (J.D. Novak founder),58,,70,18,Active,False,59,"owner ~58 (58-62 band), tenure 70yr",76,"mixed/residential mix, ~18 FTE, 70yr",27,1 weighted coasting tells (0 high) | succession_done=True,67,DFW/Houston/Austin,55,C_watch,medium,0.65,False,"L1=59 (owner ~58 (58-62 band), tenure 70yr) L2=76 L3=27 L4=67 → final 55. Family successor already in place. Tier C_watch based on owner age + coasting tells + market pull.",Monitor for 12-24mo. Re-score after enrichment of successor / financials.,3e6f3700-c6f2-47f1-997a-dc420d9fa1f5,25,heuristic_70yr_brand_3rd_gen_Novak_typically_55-65
Meyerland Glass & Mirror Co.,Stafford,Fort Bend,TX,,glass_services,238150,founder/family undisclosed on site,60,,60,22,Active,False,67,"owner ~60 (58-62 band), tenure 60yr",76,"mixed/residential mix, ~22 FTE, 60yr",27,1 weighted coasting tells (0 high) | succession_done=True,70,DFW/Houston/Austin | +3 bullet-resistant niche,58,C_watch,medium,0.62,False,"L1=67 (owner ~60 (58-62 band), tenure 60yr) L2=76 L3=27 L4=70 → final 58. Family successor already in place. Tier C_watch based on owner age + coasting tells + market pull.",Monitor for 12-24mo. Re-score after enrichment of successor / financials.,3e6f3700-c6f2-47f1-997a-dc420d9fa1f5,26,heuristic_60yr_brand_likely_2nd_gen_now
Distinctive Glass Co. Inc.,Houston,Harris,TX,,glass_services,238150,Roy Ramirez and Robert Ramirez (co-founders),72,,48,15,Active,False,96,"owner ~72 (68+ band), tenure 48yr",76,"mixed/residential mix, ~15 FTE, 48yr",70,3 weighted coasting tells (0 high) | succession_done=False,67,DFW/Houston/Austin,79,A_acquire_self,medium,0.68,True,"L1=96 (owner ~72 (68+ band), tenure 48yr) L2=76 L3=70 L4=67 → final 79. Tier A_acquire_self based on owner age + coasting tells + market pull.","Acquire long-tenure operator with no published successor. Modernize (CRM, dispatch, route optimization). Add commercial-glazing capability. EBITDA uplift 25-40% via ops modernization.",3e6f3700-c6f2-47f1-997a-dc420d9fa1f5,27,heuristic_founded_1978_co_founders_now_~70+
Northwest Glass & Mirror,Houston,Harris,TX,,glass_services,238150,founder/family undisclosed on site,60,,48,30,Active,False,67,"owner ~60 (58-62 band), tenure 48yr",78,"mixed/residential mix, ~30 FTE, 48yr",45,1 weighted coasting tells (0 high) | succession_done=False,67,DFW/Houston/Austin,63,B_forward,medium,0.65,False,"L1=67 (owner ~60 (58-62 band), tenure 48yr) L2=78 L3=45 L4=67 → final 63. Tier B_forward based on owner age + coasting tells + market pull.",Watch-list candidate — succession window approaching. Residential + shower mix; needs commercial diversification. Forward to ETA buyer with 6-12mo monitoring cadence.,3e6f3700-c6f2-47f1-997a-dc420d9fa1f5,28,heuristic_48yr_likely_2nd_gen_now_or_aging_founder
Absolute Glassworks,Houston,Harris,TX,,glass_services,238150,founder/family undisclosed on site,62,,31,12,Active,False,75,"owner ~62 (58-62 band), tenure 31yr",76,"mixed/residential mix, ~12 FTE, 31yr",45,1 weighted coasting tells (0 high) | succession_done=False,70,DFW/Houston/Austin | +3 bullet-resistant niche,66,B_forward,low,0.52,False,"L1=75 (owner ~62 (58-62 band), tenure 31yr) L2=76 L3=45 L4=70 → final 66. Tier B_forward based on owner age + coasting tells + market pull.",Watch-list candidate — succession window approaching. Residential + shower mix; needs commercial diversification. Forward to ETA buyer with 6-12mo monitoring cadence.,3e6f3700-c6f2-47f1-997a-dc420d9fa1f5,29,heuristic_decades_of_service_per_site_owner_typically_60-70
Lone Star Glass Inc.,Houston,Harris,TX,,glass_services,238150,3rd-generation family (founder name undisclosed),50,,53,25,Active,False,29,"owner ~50 (<53 band), tenure 53yr",79,"mixed/residential mix, ~25 FTE, 53yr",42,2 weighted coasting tells (0 high) | succession_done=True,67,DFW/Houston/Austin,51,C_watch,medium,0.72,False,"L1=29 (owner ~50 (<53 band), tenure 53yr) L2=79 L3=42 L4=67 → final 51. Family successor already in place. Tier C_watch based on owner age + coasting tells + market pull.",Monitor for 12-24mo. Re-score after enrichment of successor / financials.,3e6f3700-c6f2-47f1-997a-dc420d9fa1f5,30,heuristic_3rd_gen_currently_operating_typically_45-58
Spring Glass & Mirror,Spring,Harris,TX,,glass_services,238150,founder/family undisclosed on site,68,,45,35,Active,False,92,"owner ~68 (68+ band), tenure 45yr",76,"mixed/residential mix, ~35 FTE, 45yr",45,1 weighted coasting tells (0 high) | succession_done=False,67,DFW/Houston/Austin,70,B_forward,medium,0.68,False,"L1=92 (owner ~68 (68+ band), tenure 45yr) L2=76 L3=45 L4=67 → final 70. Tier B_forward based on owner age + coasting tells + market pull.",Watch-list candidate — succession window approaching. Residential + shower mix; needs commercial diversification. Forward to ETA buyer with 6-12mo monitoring cadence.,3e6f3700-c6f2-47f1-997a-dc420d9fa1f5,31,heuristic_founded_1981_original_founder_now_~68
Texan Glass & Solar Control Inc.,The Woodlands,Montgomery,TX,,glass_services,238150,founder/family undisclosed on site,58,,25,28,Active,False,59,"owner ~58 (58-62 band), tenure 25yr",78,"mixed/residential mix, ~28 FTE, 25yr",60,2 weighted coasting tells (0 high) | succession_done=False,67,DFW/Houston/Austin,65,B_forward,low,0.55,False,"L1=59 (owner ~58 (58-62 band), tenure 25yr) L2=78 L3=60 L4=67 → final 65. Tier B_forward based on owner age + coasting tells + market pull.",Watch-list candidate — succession window approaching. Residential + shower mix; needs commercial diversification. Forward to ETA buyer with 6-12mo monitoring cadence.,3e6f3700-c6f2-47f1-997a-dc420d9fa1f5,32,heuristic_25yr_tenure_owner_typically_55-65
Lakeside Glass Houston,Houston,Harris,TX,,glass_services,238150,founder/family undisclosed (family ownership unverified per spine flag),66,,39,40,Active,False,88,"owner ~66 (63-67 band), tenure 39yr",76,"mixed/residential mix, ~40 FTE, 39yr",45,1 weighted coasting tells (0 high) | succession_done=False,67,DFW/Houston/Austin,69,B_forward,low,0.55,False,"L1=88 (owner ~66 (63-67 band), tenure 39yr) L2=76 L3=45 L4=67 → final 69. Tier B_forward based on owner age + coasting tells + market pull.",Watch-list candidate — succession window approaching. Residential + shower mix; needs commercial diversification. Forward to ETA buyer with 6-12mo monitoring cadence.,3e6f3700-c6f2-47f1-997a-dc420d9fa1f5,33,heuristic_founded_1987_original_founder_now_~66
Sugar Land Glass & Shower,Sugar Land,Fort Bend,TX,,glass_services,238150,founder/family undisclosed on site,58,,21,5,unknown_needs_comptroller_verification,False,55,"owner ~58 (58-62 band), tenure 21yr",70,"mixed/residential mix, ~5 FTE, 21yr",70,3 weighted coasting tells (0 high) | succession_done=False,70,DFW/Houston/Austin | +3 premium-resi,66,B_forward,low,0.38,False,"L1=55 (owner ~58 (58-62 band), tenure 21yr) L2=70 L3=70 L4=70 → final 66. Tier B_forward based on owner age + coasting tells + market pull.",Watch-list candidate — succession window approaching. Residential + shower mix; needs commercial diversification. Forward to ETA buyer with 6-12mo monitoring cadence.,3e6f3700-c6f2-47f1-997a-dc420d9fa1f5,34,heuristic_21yr_tenure_owner_typically_55-65
Vista Glass,Sugar Land,Fort Bend,TX,,glass_services,238150,founder undisclosed (in glass since 2000 per spine — career glass operator),52,,13,6,Active,False,27,"owner ~52 (<53 band), tenure 13yr",72,"mixed/residential mix, ~6 FTE, 13yr",45,1 weighted coasting tells (0 high) | succession_done=False,70,DFW/Houston/Austin | +3 premium-resi,50,C_watch,low,0.55,False,"L1=27 (owner ~52 (<53 band), tenure 13yr) L2=72 L3=45 L4=70 → final 50. Tier C_watch based on owner age + coasting tells + market pull.",Monitor for 12-24mo. Re-score after enrichment of successor / financials.,3e6f3700-c6f2-47f1-997a-dc420d9fa1f5,35,heuristic_in_glass_since_2000_owner_typically_50-60_now
The Glass Store Inc.,Katy,Harris,TX,,glass_services,238150,founder/family undisclosed on site,68,,41,8,Active,False,92,"owner ~68 (68+ band), tenure 41yr",74,"mixed/residential mix, ~8 FTE, 41yr",70,3 weighted coasting tells (0 high) | succession_done=False,67,DFW/Houston/Austin,77,B_forward,low,0.58,False,"L1=92 (owner ~68 (68+ band), tenure 41yr) L2=74 L3=70 L4=67 → final 77. Tier B_forward based on owner age + coasting tells + market pull.",Watch-list candidate — succession window approaching. Residential + shower mix; needs commercial diversification. Forward to ETA buyer with 6-12mo monitoring cadence.,3e6f3700-c6f2-47f1-997a-dc420d9fa1f5,36,heuristic_founded_1985_original_founder_now_~68
Mr. Glass & Mirror,Houston,Harris,TX,,glass_services,238150,founder/family undisclosed on site (per spine 'family-owned since 1978' per third-party),70,,48,10,Active,False,94,"owner ~70 (68+ band), tenure 48yr",74,"mixed/residential mix, ~10 FTE, 48yr",70,3 weighted coasting tells (0 high) | succession_done=False,67,DFW/Houston/Austin,78,B_forward,low,0.5,False,"L1=94 (owner ~70 (68+ band), tenure 48yr) L2=74 L3=70 L4=67 → final 78. Tier B_forward based on owner age + coasting tells + market pull.",Watch-list candidate — succession window approaching. Residential + shower mix; needs commercial diversification. Forward to ETA buyer with 6-12mo monitoring cadence.,3e6f3700-c6f2-47f1-997a-dc420d9fa1f5,37,heuristic_third_party_says_1978_founder_now_~70
Joey's Glass Company,Baytown,Harris,TX,,glass_services,238150,Joey (founder; surname undisclosed) + family,72,,53,12,Active,False,96,"owner ~72 (68+ band), tenure 53yr",76,"mixed/residential mix, ~12 FTE, 53yr",70,3 weighted coasting tells (0 high) | succession_done=False,67,DFW/Houston/Austin,79,A_acquire_self,medium,0.62,True,"L1=96 (owner ~72 (68+ band), tenure 53yr) L2=76 L3=70 L4=67 → final 79. Tier A_acquire_self based on owner age + coasting tells + market pull.","Acquire long-tenure operator with no published successor. Modernize (CRM, dispatch, route optimization). Add commercial-glazing capability. EBITDA uplift 25-40% via ops modernization.",3e6f3700-c6f2-47f1-997a-dc420d9fa1f5,38,heuristic_founded_1973_original_Joey_now_~72
Johnson Glass & Mirror,Pasadena,Harris,TX,,glass_services,238150,Johnson family (multi-generational per name in DBA),60,,68,14,Active,False,67,"owner ~60 (58-62 band), tenure 68yr",77,"mixed/residential mix, ~14 FTE, 68yr",42,2 weighted coasting tells (0 high) | succession_done=True,67,DFW/Houston/Austin,62,B_forward,medium,0.62,False,"L1=67 (owner ~60 (58-62 band), tenure 68yr) L2=77 L3=42 L4=67 → final 62. Family successor already in place. Tier B_forward based on owner age + coasting tells + market pull.",Watch-list candidate — succession window approaching. Residential + shower mix; needs commercial diversification. Forward to ETA buyer with 6-12mo monitoring cadence.,3e6f3700-c6f2-47f1-997a-dc420d9fa1f5,39,heuristic_founded_1958_now_likely_2nd_or_3rd_gen_~60
Glass World Inc,Conroe,Montgomery,TX,,glass_services,238150,founder/family undisclosed on site,68,,41,8,Active,False,92,"owner ~68 (68+ band), tenure 41yr",74,"mixed/residential mix, ~8 FTE, 41yr",85,4 weighted coasting tells (0 high) | succession_done=False,67,DFW/Houston/Austin,82,B_forward,low,0.58,False,"L1=92 (owner ~68 (68+ band), tenure 41yr) L2=74 L3=85 L4=67 → final 82. Tier B_forward based on owner age + coasting tells + market pull.",Watch-list candidate — succession window approaching. Residential + shower mix; needs commercial diversification. Forward to ETA buyer with 6-12mo monitoring cadence.,3e6f3700-c6f2-47f1-997a-dc420d9fa1f5,40,heuristic_founded_1985_original_founder_now_~68
"494 Glass & Mirror, Inc",Porter,Montgomery,TX,,glass_services,238150,founder/family undisclosed on site,58,,25,7,Active,False,59,"owner ~58 (58-62 band), tenure 25yr",74,"mixed/residential mix, ~7 FTE, 25yr",60,2 weighted coasting tells (0 high) | succession_done=False,67,DFW/Houston/Austin,64,B_forward,medium,0.6,False,"L1=59 (owner ~58 (58-62 band), tenure 25yr) L2=74 L3=60 L4=67 → final 64. Tier B_forward based on owner age + coasting tells + market pull.",Watch-list candidate — succession window approaching. Residential + shower mix; needs commercial diversification. Forward to ETA buyer with 6-12mo monitoring cadence.,3e6f3700-c6f2-47f1-997a-dc420d9fa1f5,41,heuristic_founded_2001_original_founder_now_~58
Mainline Glass Co,Pearland,Brazoria,TX,,glass_services,238150,owner undisclosed; entity consolidated under Mainline Glass Co after acquiring McCauley Glass per spine,60,,39,30,Active,False,67,"owner ~60 (58-62 band), tenure 39yr",78,"mixed/residential mix, ~30 FTE, 39yr",45,1 weighted coasting tells (0 high) | succession_done=False,67,DFW/Houston/Austin,63,B_forward,medium,0.62,False,"L1=67 (owner ~60 (58-62 band), tenure 39yr) L2=78 L3=45 L4=67 → final 63. Tier B_forward based on owner age + coasting tells + market pull.",Watch-list candidate — succession window approaching. Residential + shower mix; needs commercial diversification. Forward to ETA buyer with 6-12mo monitoring cadence.,3e6f3700-c6f2-47f1-997a-dc420d9fa1f5,42,heuristic_consolidator_owner_typically_55-65_at_M_and_A_stage
All American Glass & Remodeling,League City,Galveston,TX,77573,glass_services,238150,,58,24,24,8,Active,False,55,"owner ~58 (58-62 band), tenure 24yr",74,"mixed/residential mix, ~8 FTE, 24yr",60,2 weighted coasting tells (0 high) | succession_done=False,67,DFW/Houston/Austin,63,B_forward,medium,0.62,False,"L1=55 (owner ~58 (58-62 band), tenure 24yr) L2=74 L3=60 L4=67 → final 63. Tier B_forward based on owner age + coasting tells + market pull.",Watch-list candidate — succession window approaching. Residential + shower mix; needs commercial diversification. Forward to ETA buyer with 6-12mo monitoring cadence.,3e6f3700-c6f2-47f1-997a-dc420d9fa1f5,43,tenure_proxy_founder_since_2002_+_industry_pre-experience
"Austin Glass & Mirror, Inc.",Austin,Travis,TX,78724,glass_services,238150,,67,42,42,35,Active,False,91,"owner ~67 (63-67 band), tenure 42yr",91,"commercial glazier mix, ~35 FTE, 42yr",60,2 weighted coasting tells (0 high) | succession_done=False,79,DFW/Houston/Austin | +3 architectural-capable,80,B_forward,medium,0.68,False,"L1=91 (owner ~67 (63-67 band), tenure 42yr) L2=91 L3=60 L4=79 → final 80. Architectural-capable commercial glazier. Tier B_forward based on owner age + coasting tells + market pull.",Watch-list candidate — succession window approaching. Commercial-glazing book is the wedge. Forward to ETA buyer with 6-12mo monitoring cadence.,3e6f3700-c6f2-47f1-997a-dc420d9fa1f5,44,tenure_proxy_founder_since_1984_age_25_at_founding
Snyder Commercial Glass Service,Austin,Travis,TX,78758,glass_services,238150,Snyder (veteran-owned founder),65,36,36,30,Active,False,85,"owner ~65 (63-67 band), tenure 36yr",88,"commercial glazier mix, ~30 FTE, 36yr",60,2 weighted coasting tells (0 high) | succession_done=False,79,DFW/Houston/Austin | +3 architectural-capable,77,B_forward,medium,0.65,False,"L1=85 (owner ~65 (63-67 band), tenure 36yr) L2=88 L3=60 L4=79 → final 77. Architectural-capable commercial glazier. Tier B_forward based on owner age + coasting tells + market pull.",Watch-list candidate — succession window approaching. Commercial-glazing book is the wedge. Forward to ETA buyer with 6-12mo monitoring cadence.,3e6f3700-c6f2-47f1-997a-dc420d9fa1f5,45,veteran_+_founder_35yr_tenure
Alamo Glass Inc.,Austin,Travis,TX,78752,glass_services,238150,,65,30,66,14,Active,False,85,"owner ~65 (63-67 band), tenure 30yr",76,"mixed/residential mix, ~14 FTE, 66yr",60,2 weighted coasting tells (0 high) | succession_done=False,67,DFW/Houston/Austin,73,B_forward,medium,0.62,False,"L1=85 (owner ~65 (63-67 band), tenure 30yr) L2=76 L3=60 L4=67 → final 73. Tier B_forward based on owner age + coasting tells + market pull.",Watch-list candidate — succession window approaching. Residential + shower mix; needs commercial diversification. Forward to ETA buyer with 6-12mo monitoring cadence.,3e6f3700-c6f2-47f1-997a-dc420d9fa1f5,46,tenure_proxy_likely_2nd_gen_owner_with_long_runway
Austin Windowerks,Austin,Travis,TX,78758,glass_services,238150,,68,40,40,18,Active,False,92,"owner ~68 (68+ band), tenure 40yr",80,"commercial glazier mix, ~18 FTE, 40yr",60,2 weighted coasting tells (0 high) | succession_done=False,72,DFW/Houston/Austin,76,B_forward,medium,0.66,False,"L1=92 (owner ~68 (68+ band), tenure 40yr) L2=80 L3=60 L4=72 → final 76. Tier B_forward based on owner age + coasting tells + market pull.",Watch-list candidate — succession window approaching. Commercial-glazing book is the wedge. Forward to ETA buyer with 6-12mo monitoring cadence.,3e6f3700-c6f2-47f1-997a-dc420d9fa1f5,47,founder_age_25_at_1986_founding_+_40yr_tenure
"ATX Glazing, LLC",Austin,Travis,TX,,glass_services,238150,,50,15,15,22,Active,False,25,"owner ~50 (<53 band), tenure 15yr",84,"commercial glazier mix, ~22 FTE, 15yr",25,0 weighted coasting tells (0 high) | succession_done=False,79,DFW/Houston/Austin | +3 architectural-capable,48,C_watch,low,0.55,False,"L1=25 (owner ~50 (<53 band), tenure 15yr) L2=84 L3=25 L4=79 → final 48. Architectural-capable commercial glazier. Tier C_watch based on owner age + coasting tells + market pull.",Monitor for 12-24mo. Re-score after enrichment of successor / financials.,3e6f3700-c6f2-47f1-997a-dc420d9fa1f5,48,LLC_founder_2011_typical_age_35_at_founding
Morris Glass Company,Round Rock,Williamson,TX,78665,glass_services,238150,Morris family,66,39,39,16,Active,False,88,"owner ~66 (63-67 band), tenure 39yr",80,"commercial glazier mix, ~16 FTE, 39yr",60,2 weighted coasting tells (0 high) | succession_done=False,72,DFW/Houston/Austin,75,B_forward,medium,0.65,False,"L1=88 (owner ~66 (63-67 band), tenure 39yr) L2=80 L3=60 L4=72 → final 75. Tier B_forward based on owner age + coasting tells + market pull.",Watch-list candidate — succession window approaching. Commercial-glazing book is the wedge. Forward to ETA buyer with 6-12mo monitoring cadence.,3e6f3700-c6f2-47f1-997a-dc420d9fa1f5,49,founder_age_27_at_1987_founding_+_39yr_tenure
R.C. Glass & Windows LLC,Georgetown,Williamson,TX,78633,glass_services,238150,,60,29,29,6,Active,False,67,"owner ~60 (58-62 band), tenure 29yr",67,"mixed/residential mix, ~6 FTE, 29yr",60,2 weighted coasting tells (0 high) | succession_done=False,67,DFW/Houston/Austin,65,B_forward,low,0.55,False,"L1=67 (owner ~60 (58-62 band), tenure 29yr) L2=67 L3=60 L4=67 → final 65. Tier B_forward based on owner age + coasting tells + market pull.",Watch-list candidate — succession window approaching. Residential + shower mix; needs commercial diversification. Forward to ETA buyer with 6-12mo monitoring cadence.,3e6f3700-c6f2-47f1-997a-dc420d9fa1f5,50,tenure_proxy_LLC_29yr_founder_age_30_at_start
"Waco Glass & Mirror, Inc.",Waco,McLennan,TX,76712,glass_services,238150,,62,25,70,22,Active,False,75,"owner ~62 (58-62 band), tenure 25yr",89,"commercial glazier mix, ~22 FTE, 70yr",60,2 weighted coasting tells (0 high) | succession_done=False,67,secondary TX (Waco) | +3 architectural-capable,73,B_forward,medium,0.66,False,"L1=75 (owner ~62 (58-62 band), tenure 25yr) L2=89 L3=60 L4=67 → final 73. Architectural-capable commercial glazier. Tier B_forward based on owner age + coasting tells + market pull.",Watch-list candidate — succession window approaching. Commercial-glazing book is the wedge. Forward to ETA buyer with 6-12mo monitoring cadence.,3e6f3700-c6f2-47f1-997a-dc420d9fa1f5,51,tenure_proxy_70yr_entity_implies_2nd_or_3rd_gen_owner_60ish
ACME Glass,Bryan,Brazos,TX,77803,glass_services,238150,Morehead family (Leonard & Bruce Morehead founders),60,,80,32,Active,False,67,"owner ~60 (58-62 band), tenure 80yr",82,"commercial glazier mix, ~32 FTE, 80yr",60,2 weighted coasting tells (0 high) | succession_done=False,64,secondary TX (Bryan),68,B_forward,medium,0.72,False,"L1=67 (owner ~60 (58-62 band), tenure 80yr) L2=82 L3=60 L4=64 → final 68. Family successor already in place. Tier B_forward based on owner age + coasting tells + market pull.",Watch-list candidate — succession window approaching. Commercial-glazing book is the wedge. Forward to ETA buyer with 6-12mo monitoring cadence.,3e6f3700-c6f2-47f1-997a-dc420d9fa1f5,52,founded_1946_3rd-gen_Morehead_estimate
A+ Glass & Mirror,Bryan,Brazos,TX,77803,glass_services,238150,,62,32,32,10,Active,False,75,"owner ~62 (58-62 band), tenure 32yr",74,"mixed/residential mix, ~10 FTE, 32yr",60,2 weighted coasting tells (0 high) | succession_done=False,64,secondary TX (Bryan),69,B_forward,medium,0.6,False,"L1=75 (owner ~62 (58-62 band), tenure 32yr) L2=74 L3=60 L4=64 → final 69. Tier B_forward based on owner age + coasting tells + market pull.",Watch-list candidate — succession window approaching. Residential + shower mix; needs commercial diversification. Forward to ETA buyer with 6-12mo monitoring cadence.,3e6f3700-c6f2-47f1-997a-dc420d9fa1f5,53,tenure_proxy_30yr_founder_age_30_at_start
Bob's Screen & Glass LLC,Killeen,Bell,TX,,glass_services,238150,"Bob (founder, family-operated)",72,48,48,12,Active,False,96,"owner ~72 (68+ band), tenure 48yr",76,"mixed/residential mix, ~12 FTE, 48yr",93,4 weighted coasting tells (2 high) | succession_done=False,64,secondary TX (Killeen),85,A_acquire_self,medium,0.68,True,"L1=96 (owner ~72 (68+ band), tenure 48yr) L2=76 L3=93 L4=64 → final 85. Tier A_acquire_self based on owner age + coasting tells + market pull.","Acquire long-tenure operator with no published successor. Modernize (online quote/portal, CRM, dispatch, route optimization). Add commercial-glazing capability. EBITDA uplift 25-40% via ops modernization.",3e6f3700-c6f2-47f1-997a-dc420d9fa1f5,54,founder_age_22_at_1978_founding_+_48yr_tenure
"Baker Glass, Inc.",El Paso,El Paso,TX,79903,glass_services,238150,Baker family,60,,102,28,Active,False,67,"owner ~60 (58-62 band), tenure 102yr",82,"commercial glazier mix, ~28 FTE, 102yr",60,2 weighted coasting tells (0 high) | succession_done=False,64,secondary TX (El Paso),68,B_forward,medium,0.72,False,"L1=67 (owner ~60 (58-62 band), tenure 102yr) L2=82 L3=60 L4=64 → final 68. Family successor already in place. Tier B_forward based on owner age + coasting tells + market pull.",Watch-list candidate — succession window approaching. Commercial-glazing book is the wedge. Forward to ETA buyer with 6-12mo monitoring cadence.,3e6f3700-c6f2-47f1-997a-dc420d9fa1f5,55,102yr_entity_4th-gen_Baker_estimate
The Glass House,El Paso,El Paso,TX,79935,glass_services,238150,,62,,73,55,Active,False,75,"owner ~62 (58-62 band), tenure 73yr",91,"commercial glazier mix, ~55 FTE, 73yr",25,0 weighted coasting tells (0 high) | succession_done=False,67,secondary TX (El Paso) | +3 architectural-capable,63,B_forward,medium,0.7,False,"L1=75 (owner ~62 (58-62 band), tenure 73yr) L2=91 L3=25 L4=67 → final 63. Architectural-capable commercial glazier. Tier B_forward based on owner age + coasting tells + market pull.",Watch-list candidate — succession window approaching. Commercial-glazing book is the wedge. Forward to ETA buyer with 6-12mo monitoring cadence.,3e6f3700-c6f2-47f1-997a-dc420d9fa1f5,56,73yr_business_likely_2nd-3rd_gen_owner
"Hardware Specialties & Glass Co., Inc.",El Paso,El Paso,TX,,glass_services,238150,,64,,60,18,Active,False,82,"owner ~64 (63-67 band), tenure 60yr",74,"mixed/residential mix, ~18 FTE, 60yr",60,2 weighted coasting tells (0 high) | succession_done=False,64,secondary TX (El Paso),71,B_forward,medium,0.65,False,"L1=82 (owner ~64 (63-67 band), tenure 60yr) L2=74 L3=60 L4=64 → final 71. Tier B_forward based on owner age + coasting tells + market pull.",Watch-list candidate — succession window approaching. Residential + shower mix; needs commercial diversification. Forward to ETA buyer with 6-12mo monitoring cadence.,3e6f3700-c6f2-47f1-997a-dc420d9fa1f5,57,60yr_family_business_2nd-gen_owner_estimate
"Burch Glass Co., Inc.",Lubbock,Lubbock,TX,79424,glass_services,238150,Glenn & Carolyn Burch (2nd-gen; founded by Everett & Dora Burch),68,,59,16,Active,False,92,"owner ~68 (68+ band), tenure 59yr",76,"mixed/residential mix, ~16 FTE, 59yr",75,3 weighted coasting tells (1 high) | succession_done=False,64,secondary TX (Lubbock),79,A_acquire_self,medium,0.78,True,"L1=92 (owner ~68 (68+ band), tenure 59yr) L2=76 L3=75 L4=64 → final 79. Tier A_acquire_self based on owner age + coasting tells + market pull.","Acquire long-tenure operator with no published successor. Modernize (online quote/portal, CRM, dispatch, route optimization). Add commercial-glazing capability. EBITDA uplift 25-40% via ops modernization.",3e6f3700-c6f2-47f1-997a-dc420d9fa1f5,58,2nd-gen_Burch_succession_documented_on_about_page
Action Glass and Mirror,Lubbock,Lubbock,TX,79423,glass_services,238150,,66,37,37,12,Active,False,88,"owner ~66 (63-67 band), tenure 37yr",76,"mixed/residential mix, ~12 FTE, 37yr",60,2 weighted coasting tells (0 high) | succession_done=False,64,secondary TX (Lubbock),73,B_forward,medium,0.6,False,"L1=88 (owner ~66 (63-67 band), tenure 37yr) L2=76 L3=60 L4=64 → final 73. Tier B_forward based on owner age + coasting tells + market pull.",Watch-list candidate — succession window approaching. Residential + shower mix; needs commercial diversification. Forward to ETA buyer with 6-12mo monitoring cadence.,3e6f3700-c6f2-47f1-997a-dc420d9fa1f5,59,founder_age_29_at_1989_founding_+_37yr_tenure
Mid-West Glass Co.,Midland,Midland,TX,,glass_services,238150,,60,,80,38,Active,False,67,"owner ~60 (58-62 band), tenure 80yr",91,"commercial glazier mix, ~38 FTE, 80yr",45,1 weighted coasting tells (0 high) | succession_done=False,71,secondary TX (Midland) | +3 architectural-capable | +4 hurricane/blast specialty (Gulf/Permian moat),67,B_forward,medium,0.65,False,"L1=67 (owner ~60 (58-62 band), tenure 80yr) L2=91 L3=45 L4=71 → final 67. Architectural-capable commercial glazier. Family successor already in place. Tier B_forward based on owner age + coasting tells + market pull.",Watch-list candidate — succession window approaching. Commercial-glazing book is the wedge. Forward to ETA buyer with 6-12mo monitoring cadence.,3e6f3700-c6f2-47f1-997a-dc420d9fa1f5,60,3rd-gen_family_corporation_typical_current_principal_age
Amigo's Glass & Mirror LLC,Midland,Midland,TX,,glass_services,238150,,56,23,23,9,Active,False,47,"owner ~56 (53-57 band), tenure 23yr",74,"mixed/residential mix, ~9 FTE, 23yr",60,2 weighted coasting tells (0 high) | succession_done=False,64,secondary TX (Midland),60,B_forward,low,0.55,False,"L1=47 (owner ~56 (53-57 band), tenure 23yr) L2=74 L3=60 L4=64 → final 60. Tier B_forward based on owner age + coasting tells + market pull.",Watch-list candidate — succession window approaching. Residential + shower mix; needs commercial diversification. Forward to ETA buyer with 6-12mo monitoring cadence.,3e6f3700-c6f2-47f1-997a-dc420d9fa1f5,61,LLC_founder_2003_typical_age_33_at_founding
City Glass Co Inc,Amarillo,Potter,TX,79106,glass_services,238150,,68,45,45,14,Active,False,92,"owner ~68 (68+ band), tenure 45yr",76,"mixed/residential mix, ~14 FTE, 45yr",75,3 weighted coasting tells (1 high) | succession_done=False,64,secondary TX (Amarillo),79,A_acquire_self,medium,0.65,True,"L1=92 (owner ~68 (68+ band), tenure 45yr) L2=76 L3=75 L4=64 → final 79. Tier A_acquire_self based on owner age + coasting tells + market pull.","Acquire long-tenure operator with no published successor. Modernize (online quote/portal, CRM, dispatch, route optimization). Add commercial-glazing capability. EBITDA uplift 25-40% via ops modernization.",3e6f3700-c6f2-47f1-997a-dc420d9fa1f5,62,founder_age_23_at_1981_founding_+_45yr_tenure
Clayton's Glass,Amarillo,Potter,TX,79106,glass_services,238150,Clayton family (eponymous),63,,73,12,Active,False,79,"owner ~63 (63-67 band), tenure 73yr",76,"mixed/residential mix, ~12 FTE, 73yr",60,2 weighted coasting tells (0 high) | succession_done=False,64,secondary TX (Amarillo),70,B_forward,medium,0.62,False,"L1=79 (owner ~63 (63-67 band), tenure 73yr) L2=76 L3=60 L4=64 → final 70. Tier B_forward based on owner age + coasting tells + market pull.",Watch-list candidate — succession window approaching. Residential + shower mix; needs commercial diversification. Forward to ETA buyer with 6-12mo monitoring cadence.,3e6f3700-c6f2-47f1-997a-dc420d9fa1f5,63,73yr_entity_2nd-3rd-gen_Clayton_estimate
"Risica and Sons, Inc.",San Juan,Hidalgo,TX,78589,glass_services,238150,Risica family (and sons),63,,66,24,Active,False,79,"owner ~63 (63-67 band), tenure 66yr",80,"commercial glazier mix, ~24 FTE, 66yr",60,2 weighted coasting tells (0 high) | succession_done=False,68,secondary TX (San Juan) | +4 hurricane/blast specialty (Gulf/Permian moat),72,B_forward,medium,0.72,False,"L1=79 (owner ~63 (63-67 band), tenure 66yr) L2=80 L3=60 L4=68 → final 72. Family successor already in place. Tier B_forward based on owner age + coasting tells + market pull.",Watch-list candidate — succession window approaching. Commercial-glazing book is the wedge. Forward to ETA buyer with 6-12mo monitoring cadence.,3e6f3700-c6f2-47f1-997a-dc420d9fa1f5,64,and-sons_branding_2nd-gen_Risica_estimate
Harlingen Glass and Mirror,Harlingen,Cameron,TX,78550,glass_services,238150,Shull family,67,,48,14,Active,False,91,"owner ~67 (63-67 band), tenure 48yr",80,"commercial glazier mix, ~14 FTE, 48yr",60,2 weighted coasting tells (0 high) | succession_done=False,64,secondary TX (Harlingen),75,B_forward,medium,0.7,False,"L1=91 (owner ~67 (63-67 band), tenure 48yr) L2=80 L3=60 L4=64 → final 75. Family successor already in place. Tier B_forward based on owner age + coasting tells + market pull.",Watch-list candidate — succession window approaching. Commercial-glazing book is the wedge. Forward to ETA buyer with 6-12mo monitoring cadence.,3e6f3700-c6f2-47f1-997a-dc420d9fa1f5,65,founder_age_25_at_1978_+_48yr_tenure_or_2nd-gen_Shull
Evins Glass,Corpus Christi,Nueces,TX,78406,glass_services,238150,Evins family,65,37,37,16,Active,False,85,"owner ~65 (63-67 band), tenure 37yr",76,"mixed/residential mix, ~16 FTE, 37yr",60,2 weighted coasting tells (0 high) | succession_done=False,68,secondary TX (Corpus Christi) | +4 hurricane/blast specialty (Gulf/Permian moat),73,B_forward,medium,0.65,False,"L1=85 (owner ~65 (63-67 band), tenure 37yr) L2=76 L3=60 L4=68 → final 73. Tier B_forward based on owner age + coasting tells + market pull.",Watch-list candidate — succession window approaching. Residential + shower mix; needs commercial diversification. Forward to ETA buyer with 6-12mo monitoring cadence.,3e6f3700-c6f2-47f1-997a-dc420d9fa1f5,66,founder_age_28_at_1989_+_37yr_tenure
Mo Glass,Corpus Christi,Nueces,TX,,glass_services,238150,,69,44,44,12,Active,False,93,"owner ~69 (68+ band), tenure 44yr",76,"mixed/residential mix, ~12 FTE, 44yr",75,3 weighted coasting tells (1 high) | succession_done=False,64,secondary TX (Corpus Christi),79,A_acquire_self,medium,0.62,True,"L1=93 (owner ~69 (68+ band), tenure 44yr) L2=76 L3=75 L4=64 → final 79. Tier A_acquire_self based on owner age + coasting tells + market pull.","Acquire long-tenure operator with no published successor. Modernize (online quote/portal, CRM, dispatch, route optimization). Add commercial-glazing capability. EBITDA uplift 25-40% via ops modernization.",3e6f3700-c6f2-47f1-997a-dc420d9fa1f5,67,founder_age_25_at_1982_+_44yr_tenure
"Craftman Glass & Door, LLC",Corpus Christi,Nueces,TX,78417,glass_services,238150,,65,19,19,10,Active,False,81,"owner ~65 (63-67 band), tenure 19yr",72,"mixed/residential mix, ~10 FTE, 19yr",60,2 weighted coasting tells (0 high) | succession_done=False,64,secondary TX (Corpus Christi),70,B_forward,medium,0.6,False,"L1=81 (owner ~65 (63-67 band), tenure 19yr) L2=72 L3=60 L4=64 → final 70. Tier B_forward based on owner age + coasting tells + market pull.",Watch-list candidate — succession window approaching. Residential + shower mix; needs commercial diversification. Forward to ETA buyer with 6-12mo monitoring cadence.,3e6f3700-c6f2-47f1-997a-dc420d9fa1f5,68,owner_30yr_industry_pre-LLC_+_19yr_company_tenure
Scott Glass,Corpus Christi,Nueces,TX,78413,glass_services,238150,Scott family,69,47,47,22,Active,False,93,"owner ~69 (68+ band), tenure 47yr",35,"auto-glass-only — Safelite-dominated segment, cap sellability",78,3 weighted coasting tells (2 high) | succession_done=False,45,"auto-glass dominated segment, Safelite competition",67,B_forward,medium,0.65,False,"L1=93 (owner ~69 (68+ band), tenure 47yr) L2=35 L3=78 L4=45 → final 67. Tier B_forward based on owner age + coasting tells + market pull.",Watch-list candidate — succession window approaching. Residential + shower mix; needs commercial diversification. Forward to ETA buyer with 6-12mo monitoring cadence.,3e6f3700-c6f2-47f1-997a-dc420d9fa1f5,69,founder_age_22_at_1979_+_47yr_tenure
East Texas Glass Co.,Kilgore,Gregg,TX,75662,glass_services,238150,Kinkaid family (2-gen),62,,94,18,Active,False,75,"owner ~62 (58-62 band), tenure 94yr",76,"mixed/residential mix, ~18 FTE, 94yr",65,2 weighted coasting tells (1 high) | succession_done=False,58,exurban TX (Kilgore),30,D_pass,medium,0.62,False,"EXCLUDED — Arrow Glass Industries rollup affiliate. L1=75 (owner ~62 (58-62 band), tenure 94yr) L2=76 L3=65 L4=58 → final 30. Tier D_pass based on owner age + coasting tells + market pull.",Exclude — already integrated into Arrow Glass Industries rollup. Cannot approach as independent.,3e6f3700-c6f2-47f1-997a-dc420d9fa1f5,70,2nd-gen_Kinkaid_per_spine
Henderson Glass Company,Tyler,Smith,TX,75702,glass_services,238150,,60,,95,20,Active,False,67,"owner ~60 (58-62 band), tenure 95yr",80,"commercial glazier mix, ~20 FTE, 95yr",50,1 weighted coasting tells (1 high) | succession_done=False,64,secondary TX (Tyler),30,D_pass,medium,0.62,False,"EXCLUDED — Arrow Glass Industries rollup affiliate. L1=67 (owner ~60 (58-62 band), tenure 95yr) L2=80 L3=50 L4=64 → final 30. Tier D_pass based on owner age + coasting tells + market pull.",Exclude — already integrated into Arrow Glass Industries rollup. Cannot approach as independent.,3e6f3700-c6f2-47f1-997a-dc420d9fa1f5,71,2nd-gen_per_spine_+_partnership_with_Arrow_Industries
Independent Glass & Mirror Co.,Tyler,Smith,TX,,glass_services,238150,,70,48,48,13,Active,False,94,"owner ~70 (68+ band), tenure 48yr",76,"mixed/residential mix, ~13 FTE, 48yr",75,3 weighted coasting tells (1 high) | succession_done=False,64,secondary TX (Tyler),79,A_acquire_self,medium,0.62,True,"L1=94 (owner ~70 (68+ band), tenure 48yr) L2=76 L3=75 L4=64 → final 79. Tier A_acquire_self based on owner age + coasting tells + market pull.","Acquire long-tenure operator with no published successor. Modernize (online quote/portal, CRM, dispatch, route optimization). Add commercial-glazing capability. EBITDA uplift 25-40% via ops modernization.",3e6f3700-c6f2-47f1-997a-dc420d9fa1f5,72,founder_age_22_at_1978_+_48yr_tenure
Grace Glass & Mirror,Tyler,Smith,TX,,glass_services,238150,,55,27,27,10,Active,False,47,"owner ~55 (53-57 band), tenure 27yr",68,"mixed/residential mix, ~10 FTE, 27yr",66,2 weighted coasting tells (0 high) | succession_done=False,64,secondary TX (Tyler),61,B_forward,low,0.45,False,"L1=47 (owner ~55 (53-57 band), tenure 27yr) L2=68 L3=66 L4=64 → final 61. Tier B_forward based on owner age + coasting tells + market pull.",Watch-list candidate — succession window approaching. Residential + shower mix; needs commercial diversification. Forward to ETA buyer with 6-12mo monitoring cadence.,3e6f3700-c6f2-47f1-997a-dc420d9fa1f5,73,tenure_proxy_25yr_founder_age_30_at_start
Apache Glass & Mirror,Flint,Smith,TX,75762,glass_services,238150,,68,41,41,9,Active,False,92,"owner ~68 (68+ band), tenure 41yr",67,"mixed/residential mix, ~9 FTE, 41yr",90,4 weighted coasting tells (1 high) | succession_done=False,67,DFW/Houston/Austin,81,A_acquire_self,medium,0.62,True,"L1=92 (owner ~68 (68+ band), tenure 41yr) L2=67 L3=90 L4=67 → final 81. Tier A_acquire_self based on owner age + coasting tells + market pull.","Acquire long-tenure operator with no published successor. Modernize (online quote/portal, CRM, dispatch, route optimization). Add commercial-glazing capability. EBITDA uplift 25-40% via ops modernization.",3e6f3700-c6f2-47f1-997a-dc420d9fa1f5,74,founder_age_27_at_1985_+_41yr_tenure
Texarkana Glass Co. LLC,Nash,Bowie,TX,75569,glass_services,238150,,55,18,18,14,Active,False,43,"owner ~55 (53-57 band), tenure 18yr",78,"commercial glazier mix, ~14 FTE, 18yr",45,1 weighted coasting tells (0 high) | succession_done=False,64,secondary TX (Nash),56,C_watch,low,0.55,False,"L1=43 (owner ~55 (53-57 band), tenure 18yr) L2=78 L3=45 L4=64 → final 56. Tier C_watch based on owner age + coasting tells + market pull.",Monitor for 12-24mo. Re-score after enrichment of successor / financials.,3e6f3700-c6f2-47f1-997a-dc420d9fa1f5,75,LLC_founder_2008_typical_age_37_at_founding
All Glass,Wichita Falls,Wichita,TX,76302,glass_services,238150,Mike & Janice LaBrie,67,22,22,7,Active,False,87,"owner ~67 (63-67 band), tenure 22yr",68,"mixed/residential mix, ~7 FTE, 22yr",99,5 weighted coasting tells (2 high) | succession_done=False,64,secondary TX (Wichita Falls),82,B_forward,low,0.55,False,"L1=87 (owner ~67 (63-67 band), tenure 22yr) L2=68 L3=99 L4=64 → final 82. Tier B_forward based on owner age + coasting tells + market pull.",Watch-list candidate — succession window approaching. Residential + shower mix; needs commercial diversification. Forward to ETA buyer with 6-12mo monitoring cadence.,3e6f3700-c6f2-47f1-997a-dc420d9fa1f5,76,founder_pair_40yr_combined_industry_experience_+_22yr_tenure
Ace Glass & Mirror,Nederland,Jefferson,TX,77627,glass_services,238150,Mark & Cindy Stratton,67,42,42,18,Active,False,91,"owner ~67 (63-67 band), tenure 42yr",80,"commercial glazier mix, ~18 FTE, 42yr",65,2 weighted coasting tells (1 high) | succession_done=False,68,secondary TX (Nederland) | +4 hurricane/blast specialty (Gulf/Permian moat),77,B_forward,medium,0.7,False,"L1=91 (owner ~67 (63-67 band), tenure 42yr) L2=80 L3=65 L4=68 → final 77. Tier B_forward based on owner age + coasting tells + market pull.",Watch-list candidate — succession window approaching. Commercial-glazing book is the wedge. Forward to ETA buyer with 6-12mo monitoring cadence.,3e6f3700-c6f2-47f1-997a-dc420d9fa1f5,77,founder_pair_age_25_at_1984_+_42yr_tenure
Alamo Glass of Port Arthur Inc,Groves,Jefferson,TX,77619,glass_services,238150,,63,,77,16,Active,False,79,"owner ~63 (63-67 band), tenure 77yr",74,"mixed/residential mix, ~16 FTE, 77yr",60,2 weighted coasting tells (0 high) | succession_done=False,64,secondary TX (Groves),70,B_forward,medium,0.7,False,"L1=79 (owner ~63 (63-67 band), tenure 77yr) L2=74 L3=60 L4=64 → final 70. Tier B_forward based on owner age + coasting tells + market pull.",Watch-list candidate — succession window approaching. Residential + shower mix; needs commercial diversification. Forward to ETA buyer with 6-12mo monitoring cadence.,3e6f3700-c6f2-47f1-997a-dc420d9fa1f5,78,77yr_entity_likely_3rd-gen_owner
Romero's Glass Co,Port Arthur,Jefferson,TX,,glass_services,238150,Romero family (eponymous),70,55,55,11,Active,False,94,"owner ~70 (68+ band), tenure 55yr",72,"mixed/residential mix, ~11 FTE, 55yr",75,3 weighted coasting tells (1 high) | succession_done=False,64,secondary TX (Port Arthur),78,B_forward,low,0.55,False,"L1=94 (owner ~70 (68+ band), tenure 55yr) L2=72 L3=75 L4=64 → final 78. Tier B_forward based on owner age + coasting tells + market pull.",Watch-list candidate — succession window approaching. Residential + shower mix; needs commercial diversification. Forward to ETA buyer with 6-12mo monitoring cadence.,3e6f3700-c6f2-47f1-997a-dc420d9fa1f5,79,founder_age_25_at_1971_+_55yr_tenure
Bedford Glass & Mirror Co.,Bedford,Tarrant,TX,76021,glass_services,238150,,65,,64,11,Active,False,85,"owner ~65 (63-67 band), tenure 64yr",70,"mixed/residential mix, ~11 FTE, 64yr",81,3 weighted coasting tells (1 high) | succession_done=False,67,DFW/Houston/Austin,77,B_forward,medium,0.6,False,"L1=85 (owner ~65 (63-67 band), tenure 64yr) L2=70 L3=81 L4=67 → final 77. Tier B_forward based on owner age + coasting tells + market pull.",Watch-list candidate — succession window approaching. Residential + shower mix; needs commercial diversification. Forward to ETA buyer with 6-12mo monitoring cadence.,3e6f3700-c6f2-47f1-997a-dc420d9fa1f5,80,64yr_entity_2nd-gen_owner_estimate
Lake Highlands Glass & Mirror,Dallas,Dallas,TX,,glass_services,238150,,64,,,5,Active,False,72,"owner ~64 (63-67 band), tenure 0yr",25,<5yr tenure (0yr) hard cap,96,4 weighted coasting tells (1 high) | succession_done=False,67,DFW/Houston/Austin,35,D_pass,low,0.42,False,"L1=72 (owner ~64 (63-67 band), tenure 0yr) L2=25 L3=96 L4=67 → final 35. Tier D_pass based on owner age + coasting tells + market pull.",Drop — sub-5yr tenure fails canonical hard gate.,3e6f3700-c6f2-47f1-997a-dc420d9fa1f5,81,no_website_+_small_family_operator_proxy
Keller Glass and Mirror,Keller,Tarrant,TX,76248,glass_services,238150,,67,43,43,9,Active,False,91,"owner ~67 (63-67 band), tenure 43yr",70,"mixed/residential mix, ~9 FTE, 43yr",99,4 weighted coasting tells (2 high) | succession_done=False,70,DFW/Houston/Austin | +3 NW Tarrant affluent corridor,85,B_forward,low,0.55,False,"L1=91 (owner ~67 (63-67 band), tenure 43yr) L2=70 L3=99 L4=70 → final 85. Tier B_forward based on owner age + coasting tells + market pull.",Watch-list candidate — succession window approaching. Residential + shower mix; needs commercial diversification. Forward to ETA buyer with 6-12mo monitoring cadence.,3e6f3700-c6f2-47f1-997a-dc420d9fa1f5,82,founder_age_25_at_1983_+_43yr_tenure
Lewisville Glass & Mirror Company,Lewisville,Denton,TX,,glass_services,238150,,56,22,22,8,Active,False,47,"owner ~56 (53-57 band), tenure 22yr",68,"mixed/residential mix, ~8 FTE, 22yr",51,1 weighted coasting tells (0 high) | succession_done=False,67,DFW/Houston/Austin,30,D_pass,low,0.5,False,"EXCLUDED — Arrow Glass Industries rollup affiliate. L1=47 (owner ~56 (53-57 band), tenure 22yr) L2=68 L3=51 L4=67 → final 30. Tier D_pass based on owner age + coasting tells + market pull.",Exclude — already integrated into Arrow Glass Industries rollup. Cannot approach as independent.,3e6f3700-c6f2-47f1-997a-dc420d9fa1f5,83,tenure_proxy_22yr_founder_age_34_at_start
Fashion Glass & Mirror,DeSoto,Dallas,TX,75115,glass_services,238150,Larry Jaynes (founder),75,53,53,42,Active,False,99,"owner ~75 (68+ band), tenure 53yr",81,"mixed/residential mix, ~42 FTE, 53yr",90,4 weighted coasting tells (1 high) | succession_done=False,67,DFW/Houston/Austin,87,A_acquire_self,medium,0.78,True,"L1=99 (owner ~75 (68+ band), tenure 53yr) L2=81 L3=90 L4=67 → final 87. Tier A_acquire_self based on owner age + coasting tells + market pull.","Acquire long-tenure operator with no published successor. Modernize (online quote/portal, CRM, dispatch, route optimization). Add commercial-glazing capability. EBITDA uplift 25-40% via ops modernization.",3e6f3700-c6f2-47f1-997a-dc420d9fa1f5,84,founder_age_22_at_1973_+_53yr_tenure
Davis Family Glass Company LLC,Amarillo,Randall,TX,,glass_services,238150,Davis family,52,12,12,9,Active,False,27,"owner ~52 (<53 band), tenure 12yr",72,"mixed/residential mix, ~9 FTE, 12yr",45,1 weighted coasting tells (0 high) | succession_done=False,64,secondary TX (Amarillo),49,C_watch,low,0.5,False,"L1=27 (owner ~52 (<53 band), tenure 12yr) L2=72 L3=45 L4=64 → final 49. Tier C_watch based on owner age + coasting tells + market pull.",Monitor for 12-24mo. Re-score after enrichment of successor / financials.,3e6f3700-c6f2-47f1-997a-dc420d9fa1f5,85,LLC_founder_2014_typical_age_40_at_founding
