legal_name,dba_name,city,county,zip,address,phone,website,owner_name,owner_age_estimate,owner_age_source,owner_tenure_years,years_in_business,provider_count_estimate,employee_count_estimate,is_distressed,distress_reasons,layer1_base_rate,layer1_comment,layer2_sellability,layer2_comment,layer3_behavioral_trigger,layer3_comment,layer4_market_pull,layer4_comment,final_score,final_tier,final_comment,value_add_thesis,confidence,data_completeness,lines_of_business
Whitaker Insurance,"Whitaker Insurance Associates, Inc.",San Antonio,Bexar,,,210-824-3777,https://whitakerins.com/,Don Whitaker,70,license_tenure_proxy_plus_award_recognition,43,43,,False,[],94,"Don Whitaker, est. age ~70 (license_tenure_proxy_plus_award_recognition); 43-yr agency tenure.",88,43-yr mixed agency; 0 carriers visible. Renewal-commission recurring revenue is the L2 ceiling for insurance.,60,2 coasting tell(s). Successor-check live-fetch captured.,84,Bexar County — insurance brokerage is the most M&A-active vertical (700+ deals/yr nationally). Higginbotham + Hub + Acrisure + AssuredPartners + Inszone all bolt-on active in TX metros.,81,B_forward,"L1 94/L2 88/L3 60/L4 84 → final 81, tier B_forward (conf medium).",,medium,0.62,mixed,
Perdue Insurance Agency LLC,,Austin,Travis,78752,6607B Airport Blvd,512-374-9100,https://www.perdueinsurancetx.com/,"Donald Perdue (family-owned, founded 1996; auto insurance since 1988)",65,license_tenure_proxy,38,30,,False,[],85,"Donald Perdue (family-owned, founded 1996; auto insurance since 1988), est. age ~65 (license-tenure proxy); 30-yr agency tenure.",91,30-yr commercial_only agency; 6 carriers visible. Renewal-commission recurring revenue is the L2 ceiling for insurance.,60,2 coasting tell(s). Successor-check live-fetch not completed — caps confidence at low/medium.,87,Travis County — insurance brokerage is the most M&A-active vertical (700+ deals/yr nationally). Higginbotham + Hub + Acrisure + AssuredPartners + Inszone all bolt-on active in TX metros.,79,B_forward,"L1 85/L2 91/L3 60/L4 87 → final 79, tier B_forward (conf medium).",,medium,0.62,commercial_only,
Bosworth & Associates,,Tyler,Smith (East TX — out of 5-metro scope),75701,1818 W Southwest Loop 323,(903) 561-2621,https://bosworth-associates.com/,"Michael J. Bosworth (President/CEO, 2nd gen); Cambridge Bosworth (joined 2018, likely 3rd gen)",71,license_tenure_proxy,49,87,,False,[],95,"Michael J. Bosworth (President/CEO, 2nd gen); Cambridge Bosworth (joined 2018, likely 3rd gen), est. age ~71 (license-tenure proxy); 87-yr agency tenure.",88,87-yr mixed agency; 0 carriers visible. Renewal-commission recurring revenue is the L2 ceiling for insurance.,60,2 coasting tell(s). Successor-check live-fetch captured.,69,Smith (East TX — out of 5-metro scope) County — insurance brokerage is the most M&A-active vertical (700+ deals/yr nationally). Higginbotham + Hub + Acrisure + AssuredPartners + Inszone all bolt-on active in TX metros.,79,B_forward,"L1 95/L2 88/L3 60/L4 69 → final 79, tier B_forward (conf medium).",,medium,0.62,mixed,
Jeffrey R Mewhirter Insurance Agency Inc.,,Grapevine,Tarrant,76051,"611 S Main St #400, Grapevine, TX 76051",817-410-4690,https://mewhirterinsurance.com/,Jeffrey R. Mewhirter,64,license_tenure_proxy,39,39,2,False,[],82,"Jeffrey R. Mewhirter, est. age ~64 (license-tenure proxy); 39-yr agency tenure.",91,39-yr mixed agency; 4 carriers visible. Renewal-commission recurring revenue is the L2 ceiling for insurance.,42,1 coasting tell(s). Successor-check live-fetch captured.,89,Tarrant County — insurance brokerage is the most M&A-active vertical (700+ deals/yr nationally). Higginbotham + Hub + Acrisure + AssuredPartners + Inszone all bolt-on active in TX metros.,73,B_forward,"L1 82/L2 91/L3 42/L4 89 → final 73, tier B_forward (conf medium).",,medium,0.62,mixed,2
"James Little Agency, LLC",,Fort Worth,Tarrant,76244,"1560 E Southlake Blvd, Southlake, TX",(817) 380-4952,https://www.jameslittleagency.com/,James Little,60,license_tenure_proxy,28,28,,False,[],67,"James Little, est. age ~60 (license-tenure proxy); 28-yr agency tenure.",74,28-yr personal_only agency; 0 carriers visible. Renewal-commission recurring revenue is the L2 ceiling for insurance.,60,2 coasting tell(s). Successor-check live-fetch captured.,82,Tarrant County — insurance brokerage is the most M&A-active vertical (700+ deals/yr nationally). Higginbotham + Hub + Acrisure + AssuredPartners + Inszone all bolt-on active in TX metros.,69,B_forward,"L1 67/L2 74/L3 60/L4 82 → final 69, tier B_forward (conf medium).",,medium,0.62,personal_only,1
Independent Insurance Center (IIC),,San Antonio,Bexar,,,,https://www.iicsa.com/,Wade Sales (Partner) and Blake Sales (Partner),57,license_tenure_proxy,30,142,,False,[],55,"Wade Sales (Partner) and Blake Sales (Partner), est. age ~57 (license-tenure proxy); 142-yr agency tenure.",88,142-yr mixed agency; 0 carriers visible. Renewal-commission recurring revenue is the L2 ceiling for insurance.,60,2 coasting tell(s). Successor-check live-fetch captured.,84,Bexar County — insurance brokerage is the most M&A-active vertical (700+ deals/yr nationally). Higginbotham + Hub + Acrisure + AssuredPartners + Inszone all bolt-on active in TX metros.,69,B_forward,"L1 55/L2 88/L3 60/L4 84 → final 69, tier B_forward (conf medium).",,medium,0.62,mixed,4
Insurance Services Agency,,McKinney,Collin (cross-Dallas),75069,"600 N. McDonald St, McKinney, TX 75069",972-548-1199,https://www.isamcktx.com/,J. Caserotti (Jeff or Joel — first initial only confirmed via email; full name not publicly disclosed on website),,unknown,34,34,,False,[],59,"J. Caserotti (Jeff or Joel — first initial only confirmed via email; full name not publicly disclosed on website), age UNKNOWN; 34-yr agency tenure — license-tenure proxy only, no CAD/OV65 this pass.",88,34-yr mixed agency; 0 carriers visible. Renewal-commission recurring revenue is the L2 ceiling for insurance.,60,2 coasting tell(s). Successor-check live-fetch captured.,69,Collin (cross-Dallas) County — insurance brokerage is the most M&A-active vertical (700+ deals/yr nationally). Higginbotham + Hub + Acrisure + AssuredPartners + Inszone all bolt-on active in TX metros.,68,B_forward,"L1 59/L2 88/L3 60/L4 69 → final 68, tier B_forward (conf medium).",,medium,0.5,mixed,1
Comaltex Insurance Agency,,New Braunfels,Comal (cross-Bexar),78130,1110 Eikel St,(830) 625-7511,https://www.comaltex.com/,Owner not publicly disclosed; Kristine Eilers (Operations Manager per search snippet),,unknown,,78,,False,[],59,"Owner not publicly disclosed; Kristine Eilers (Operations Manager per search snippet), age UNKNOWN; 78-yr agency tenure — license-tenure proxy only, no CAD/OV65 this pass.",88,78-yr mixed agency; 0 carriers visible. Renewal-commission recurring revenue is the L2 ceiling for insurance.,60,2 coasting tell(s). Successor-check live-fetch not completed — caps confidence at low/medium.,69,Comal (cross-Bexar) County — insurance brokerage is the most M&A-active vertical (700+ deals/yr nationally). Higginbotham + Hub + Acrisure + AssuredPartners + Inszone all bolt-on active in TX metros.,68,B_forward,"L1 59/L2 88/L3 60/L4 69 → final 68, tier B_forward (conf medium).",,medium,0.5,mixed,
"RC Insurance Agency, LLC",formerly ARCI Insurance,Carrollton,Dallas,75006,,(469) 299-5750,https://www.getrcinsurance.com/,,,unknown,27,27,,False,[],49,"owner not identified, age UNKNOWN; 27-yr agency tenure — license-tenure proxy only, no CAD/OV65 this pass.",82,27-yr mixed agency; 0 carriers visible. Renewal-commission recurring revenue is the L2 ceiling for insurance.,60,2 coasting tell(s). Successor-check live-fetch captured.,89,Dallas County — insurance brokerage is the most M&A-active vertical (700+ deals/yr nationally). Higginbotham + Hub + Acrisure + AssuredPartners + Inszone all bolt-on active in TX metros.,67,B_forward,"L1 49/L2 82/L3 60/L4 89 → final 67, tier B_forward (conf low).",,low,0.38,mixed,
Hall Insurance Agency Inc,,Fort Worth,Tarrant,76137,5421 Basswood Blvd. Ste 780,(817) 281-0125,https://www.insureitfast.com/,,,unknown,25,25,,False,[],49,"owner not identified, age UNKNOWN; 25-yr agency tenure — license-tenure proxy only, no CAD/OV65 this pass.",85,25-yr mixed agency; 14 carriers visible. Renewal-commission recurring revenue is the L2 ceiling for insurance.,60,2 coasting tell(s). Successor-check live-fetch not completed — caps confidence at low/medium.,89,Tarrant County — insurance brokerage is the most M&A-active vertical (700+ deals/yr nationally). Higginbotham + Hub + Acrisure + AssuredPartners + Inszone all bolt-on active in TX metros.,67,B_forward,"L1 49/L2 85/L3 60/L4 89 → final 67, tier B_forward (conf low).",,low,0.38,mixed,
Alpine Insurance of Texas,,Austin,Travis,78759,12731 Research Blvd,512-459-3434,https://www.alpineinsurancetexas.com/,Michelle Davis (President per LinkedIn search snippet); separate person Michaela McGookey also at agency,,unknown,25,25,,False,[],49,"Michelle Davis (President per LinkedIn search snippet); separate person Michaela McGookey also at agency, age UNKNOWN; 25-yr agency tenure — license-tenure proxy only, no CAD/OV65 this pass.",85,25-yr mixed agency; 14 carriers visible. Renewal-commission recurring revenue is the L2 ceiling for insurance.,60,2 coasting tell(s). Successor-check live-fetch not completed — caps confidence at low/medium.,87,Travis County — insurance brokerage is the most M&A-active vertical (700+ deals/yr nationally). Higginbotham + Hub + Acrisure + AssuredPartners + Inszone all bolt-on active in TX metros.,67,B_forward,"L1 49/L2 85/L3 60/L4 87 → final 67, tier B_forward (conf medium).",,medium,0.5,mixed,
Heaton Bennett Insurance,,Austin,Travis,78759,3933 Steck Ave Ste B-119,512-372-8311,https://insureaustin.com/,Nancy Heaton (Owner); Ross Bennett (partner per name),,unknown,22,22,30,False,[],45,"Nancy Heaton (Owner); Ross Bennett (partner per name), age UNKNOWN; 22-yr agency tenure — license-tenure proxy only, no CAD/OV65 this pass.",85,22-yr mixed agency; 8 carriers visible. Renewal-commission recurring revenue is the L2 ceiling for insurance.,60,2 coasting tell(s). Successor-check live-fetch not completed — caps confidence at low/medium.,87,Travis County — insurance brokerage is the most M&A-active vertical (700+ deals/yr nationally). Higginbotham + Hub + Acrisure + AssuredPartners + Inszone all bolt-on active in TX metros.,66,B_forward,"L1 45/L2 85/L3 60/L4 87 → final 66, tier B_forward (conf medium).",,medium,0.5,mixed,
Alliance Insurance Agency,,Frisco,Collin (cross-Dallas),75033,"5566 Main Street, Suite 210, Frisco, TX 75033",(214) 618-5430,https://www.allianceinsure.com/about-us.html,,,unknown,23,23,,False,[],45,"owner not identified, age UNKNOWN; 23-yr agency tenure — license-tenure proxy only, no CAD/OV65 this pass.",85,23-yr mixed agency; 9 carriers visible. Renewal-commission recurring revenue is the L2 ceiling for insurance.,60,2 coasting tell(s). Successor-check live-fetch not completed — caps confidence at low/medium.,69,Collin (cross-Dallas) County — insurance brokerage is the most M&A-active vertical (700+ deals/yr nationally). Higginbotham + Hub + Acrisure + AssuredPartners + Inszone all bolt-on active in TX metros.,63,B_forward,"L1 45/L2 85/L3 60/L4 69 → final 63, tier B_forward (conf low).",,low,0.38,mixed,
Rock Insurance Agency,,Houston,Harris,77042,10700 Richmond Ave Suite 103,,https://www.rockinsurancetexas.com/,,,unknown,,33,,False,[],59,"owner not identified, age UNKNOWN; 33-yr agency tenure — license-tenure proxy only, no CAD/OV65 this pass.",91,33-yr mixed agency; 4 carriers visible. Renewal-commission recurring revenue is the L2 ceiling for insurance.,28,0 coasting tell(s). Successor-check live-fetch not completed — caps confidence at low/medium.,89,Harris County — insurance brokerage is the most M&A-active vertical (700+ deals/yr nationally). Higginbotham + Hub + Acrisure + AssuredPartners + Inszone all bolt-on active in TX metros.,62,B_forward,"L1 59/L2 91/L3 28/L4 89 → final 62, tier B_forward (conf low).",,low,0.38,mixed,
"Bankhead Insurance Agency, LLC",,Dallas,Dallas,75248,"17103 Preston Rd., Ste. 175",,https://www.insurancedallas.com/,Philip Bankhead,,linkedin_tenure_proxy,40,40,,False,[],59,"Philip Bankhead, age UNKNOWN; 40-yr agency tenure — license-tenure proxy only, no CAD/OV65 this pass.",91,40-yr mixed agency; 5 carriers visible. Renewal-commission recurring revenue is the L2 ceiling for insurance.,28,0 coasting tell(s). Successor-check live-fetch not completed — caps confidence at low/medium.,89,Dallas County — insurance brokerage is the most M&A-active vertical (700+ deals/yr nationally). Higginbotham + Hub + Acrisure + AssuredPartners + Inszone all bolt-on active in TX metros.,62,B_forward,"L1 59/L2 91/L3 28/L4 89 → final 62, tier B_forward (conf medium).",,medium,0.5,mixed,
"Magnum Choice Insurance Agency, Inc.",,Plano,Collin (cross-Dallas),,,972-801-6878,https://magnumchoice.com/,,,unknown,20,20,,False,[],45,"owner not identified, age UNKNOWN; 20-yr agency tenure — license-tenure proxy only, no CAD/OV65 this pass.",82,20-yr mixed agency; 0 carriers visible. Renewal-commission recurring revenue is the L2 ceiling for insurance.,60,2 coasting tell(s). Successor-check live-fetch not completed — caps confidence at low/medium.,69,Collin (cross-Dallas) County — insurance brokerage is the most M&A-active vertical (700+ deals/yr nationally). Higginbotham + Hub + Acrisure + AssuredPartners + Inszone all bolt-on active in TX metros.,62,B_forward,"L1 45/L2 82/L3 60/L4 69 → final 62, tier B_forward (conf low).",,low,0.38,mixed,
"Kingspoint Insurance Agency, Inc.",,Houston,Harris,77082,11200 Richmond Ave Ste 350,,https://kingspointinsurance.com/,Ha Le,,license_tenure_proxy,36,36,,False,[],59,"Ha Le, age UNKNOWN; 36-yr agency tenure — license-tenure proxy only, no CAD/OV65 this pass.",88,36-yr mixed agency; 0 carriers visible. Renewal-commission recurring revenue is the L2 ceiling for insurance.,28,0 coasting tell(s). Successor-check live-fetch not completed — caps confidence at low/medium.,89,Harris County — insurance brokerage is the most M&A-active vertical (700+ deals/yr nationally). Higginbotham + Hub + Acrisure + AssuredPartners + Inszone all bolt-on active in TX metros.,61,B_forward,"L1 59/L2 88/L3 28/L4 89 → final 61, tier B_forward (conf medium).",,medium,0.5,mixed,
Thumann Insurance Agency,,Dallas,Dallas,75251,12770 Coit Road Suite 110,(972) 991-9100,https://thumanninsuranceagency.com/,Steve Thumann,,license_tenure_proxy,20,30,,False,[],59,"Steve Thumann, age UNKNOWN; 30-yr agency tenure — license-tenure proxy only, no CAD/OV65 this pass.",88,30-yr mixed agency; 1 carriers visible. Renewal-commission recurring revenue is the L2 ceiling for insurance.,28,0 coasting tell(s). Successor-check live-fetch not completed — caps confidence at low/medium.,89,Dallas County — insurance brokerage is the most M&A-active vertical (700+ deals/yr nationally). Higginbotham + Hub + Acrisure + AssuredPartners + Inszone all bolt-on active in TX metros.,61,B_forward,"L1 59/L2 88/L3 28/L4 89 → final 61, tier B_forward (conf medium).",,medium,0.62,mixed,
The Select Insurance Agency,,Lewisville,Denton (cross-Dallas),,"500 S Denton Tap Rd, Coppell, TX (also Lewisville)",,https://www.insurancefordfw.com/,Todd McShan,60,license_tenure_proxy,30,22,,False,[],63,"Todd McShan, est. age ~60 (license-tenure proxy); 22-yr agency tenure.",77,22-yr personal_only agency; 5 carriers visible. Renewal-commission recurring revenue is the L2 ceiling for insurance.,42,1 coasting tell(s). Successor-check live-fetch captured.,62,Denton (cross-Dallas) County — insurance brokerage is the most M&A-active vertical (700+ deals/yr nationally). Higginbotham + Hub + Acrisure + AssuredPartners + Inszone all bolt-on active in TX metros.,60,B_forward,"L1 63/L2 77/L3 42/L4 62 → final 60, tier B_forward (conf medium).",,medium,0.62,personal_only,1
Greater Austin Insurance Agency,,Austin,Travis,,,,https://gaiai.com/,Robert (Bob) Husk — founder; Jeff Husk (son) — designated successor,72,license_tenure_proxy,46,46,,False,[],96,"Robert (Bob) Husk — founder; Jeff Husk (son) — designated successor, est. age ~72 (license-tenure proxy); 46-yr agency tenure.",88,46-yr mixed agency; 0 carriers visible. Renewal-commission recurring revenue is the L2 ceiling for insurance.,60,2 coasting tell(s). Successor-check live-fetch captured.,87,Travis County — insurance brokerage is the most M&A-active vertical (700+ deals/yr nationally). Higginbotham + Hub + Acrisure + AssuredPartners + Inszone all bolt-on active in TX metros.,82,C_watch,"GATE: successor_in_place: Bob + Jeff Husk active father-son partnership. L1 96/L2 88/L3 60/L4 87 → final 82, tier C_watch (conf medium).",,medium,0.62,mixed,
Central Insurance Agency,,Austin,Travis,78752,6000 N. Lamar Blvd.,512.451.6551,https://www.centralins.com/,"Andy Raper (VP) and Scott Raper (President) — brothers, 2nd generation",64,public_records_birthdate,,67,20,False,[],82,"Andy Raper (VP) and Scott Raper (President) — brothers, 2nd generation, est. age ~64 (public_records_birthdate); 67-yr agency tenure.",88,67-yr mixed agency; 0 carriers visible. Renewal-commission recurring revenue is the L2 ceiling for insurance.,60,2 coasting tell(s). Successor-check live-fetch captured.,87,Travis County — insurance brokerage is the most M&A-active vertical (700+ deals/yr nationally). Higginbotham + Hub + Acrisure + AssuredPartners + Inszone all bolt-on active in TX metros.,78,C_watch,"GATE: successor_in_place: Active Raper brothers succession (Scott Raper b. 1962 + Tyler Raper 2nd gen). L1 82/L2 88/L3 60/L4 87 → final 78, tier C_watch (conf medium).",,medium,0.62,mixed,
Tom Hotaling Insurance Agency,"GTX Insurance Partners, LLC",San Antonio,Bexar,78216,"7300 Blanco Rd Ste 102, San Antonio, TX 78216 (also 888 Isom Rd)",(210) 348-8500,https://www.tomhotaling.com/,Tom Hotaling (Principal Partner) + Greg Garcia (Co-Principal Partner),64,license_tenure_proxy,34,34,,False,[],82,"Tom Hotaling (Principal Partner) + Greg Garcia (Co-Principal Partner), est. age ~64 (license-tenure proxy); 34-yr agency tenure.",88,34-yr mixed agency; 0 carriers visible. Renewal-commission recurring revenue is the L2 ceiling for insurance.,60,2 coasting tell(s). Successor-check live-fetch captured.,84,Bexar County — insurance brokerage is the most M&A-active vertical (700+ deals/yr nationally). Higginbotham + Hub + Acrisure + AssuredPartners + Inszone all bolt-on active in TX metros.,77,C_watch,"GATE: partnership_internal_succession_signal. L1 82/L2 88/L3 60/L4 84 → final 77, tier C_watch (conf medium).",,medium,0.62,mixed,2
Threlkeld & Company Insurance Agency,TCI,Tyler,"Smith (East TX — out of 5-metro scope, but DFW + Houston offices)",,"1121 ESE Loop 323, Suite 200",,https://www.threlkeld.com/,"Todd W. Threlkeld (CEO, 2nd gen); Dustin Glover (President, non-family, joined 2008)",62,license_tenure_proxy,38,44,40,False,[],75,"Todd W. Threlkeld (CEO, 2nd gen); Dustin Glover (President, non-family, joined 2008), est. age ~62 (license-tenure proxy); 44-yr agency tenure.",88,44-yr mixed agency; 0 carriers visible. Renewal-commission recurring revenue is the L2 ceiling for insurance.,60,2 coasting tell(s). Successor-check live-fetch captured.,69,"Smith (East TX — out of 5-metro scope, but DFW + Houston offices) County — insurance brokerage is the most M&A-active vertical (700+ deals/yr nationally). Higginbotham + Hub + Acrisure + AssuredPartners + Inszone all bolt-on active in TX metros.",73,C_watch,"GATE: successor_in_place: Dustin Glover (President, ~40-42) clear heir-apparent to Todd Threlkeld. L1 75/L2 88/L3 60/L4 69 → final 73, tier C_watch (conf medium).",,medium,0.62,mixed,13
Dreiss Insurance Agency,,Boerne,Kendall (cross-Bexar),78006,805 N Main St,,https://www.dreissinsurance.com/,"Lee Dreiss (owner, 2nd gen, since 1986); Denton Dreiss (son, 3rd gen, Boerne HS Class of 2016, Commercial Lines Manager); Amy Dreiss (wife, Office Manager)",62,license_tenure_proxy,40,47,5,False,[],75,"Lee Dreiss (owner, 2nd gen, since 1986); Denton Dreiss (son, 3rd gen, Boerne HS Class of 2016, Commercial Lines Manager); Amy Dreiss (wife, Office Manager), est. age ~62 (license-tenure proxy); 47-yr agency tenure.",88,47-yr mixed agency; 0 carriers visible. Renewal-commission recurring revenue is the L2 ceiling for insurance.,60,2 coasting tell(s). Successor-check live-fetch captured.,69,Kendall (cross-Bexar) County — insurance brokerage is the most M&A-active vertical (700+ deals/yr nationally). Higginbotham + Hub + Acrisure + AssuredPartners + Inszone all bolt-on active in TX metros.,73,C_watch,"GATE: successor_in_place: Denton Dreiss in training as 2nd gen. L1 75/L2 88/L3 60/L4 69 → final 73, tier C_watch (conf medium).",,medium,0.62,mixed,
Dean & Draper Insurance Agency,,Houston,Harris,77098,"3131 W Alabama St, Suite 150",,https://www.deandraper.com/,Kyle Dean (son of founder Bob Dean),,website_self_report,,45,,False,[],59,"Kyle Dean (son of founder Bob Dean), age UNKNOWN; 45-yr agency tenure — license-tenure proxy only, no CAD/OV65 this pass.",91,45-yr mixed agency; 7 carriers visible. Renewal-commission recurring revenue is the L2 ceiling for insurance.,60,2 coasting tell(s). Successor-check live-fetch not completed — caps confidence at low/medium.,89,Harris County — insurance brokerage is the most M&A-active vertical (700+ deals/yr nationally). Higginbotham + Hub + Acrisure + AssuredPartners + Inszone all bolt-on active in TX metros.,72,C_watch,"GATE: successor_in_place: Bob → Kyle Dean succession executed — multi-partner structure. L1 59/L2 91/L3 60/L4 89 → final 72, tier C_watch (conf medium).",,medium,0.5,mixed,
David Ison Insurance,"David Ison & Sons Insurance, Inc.",San Antonio,Bexar,78216,1383 East Bitters #1,210-490-1494,https://davidisoninsurance.com/,"Stephen W. Ison (CEO/Owner), with Mark R. Ison (VP) and David W. Ison (Director)",,unknown,47,47,4,False,[],59,"Stephen W. Ison (CEO/Owner), with Mark R. Ison (VP) and David W. Ison (Director), age UNKNOWN; 47-yr agency tenure — license-tenure proxy only, no CAD/OV65 this pass.",88,47-yr mixed agency; 0 carriers visible. Renewal-commission recurring revenue is the L2 ceiling for insurance.,60,2 coasting tell(s). Successor-check live-fetch captured.,84,Bexar County — insurance brokerage is the most M&A-active vertical (700+ deals/yr nationally). Higginbotham + Hub + Acrisure + AssuredPartners + Inszone all bolt-on active in TX metros.,70,C_watch,"GATE: successor_in_place: Multi-gen: David founder → Stephen CEO + Mark VP + Jake 3rd gen. L1 59/L2 88/L3 60/L4 84 → final 70, tier C_watch (conf medium).",,medium,0.5,mixed,4
Britton & Britton Insurance,"Britton and Britton Insurance Services, Inc.",Austin,Travis,,"2028 E Ben White Blvd, Austin (also San Marcos branch)",512-469-0693,https://www.brittonandbritton.com/,"Robert C. 'Riley' Britton (2nd generation, current principal); Robert 'Bob' Britton (founder, status unclear)",,license_tenure_proxy,33,40,,False,[],59,"Robert C. 'Riley' Britton (2nd generation, current principal); Robert 'Bob' Britton (founder, status unclear), age UNKNOWN; 40-yr agency tenure — license-tenure proxy only, no CAD/OV65 this pass.",88,40-yr mixed agency; 0 carriers visible. Renewal-commission recurring revenue is the L2 ceiling for insurance.,42,1 coasting tell(s). Successor-check live-fetch captured.,87,Travis County — insurance brokerage is the most M&A-active vertical (700+ deals/yr nationally). Higginbotham + Hub + Acrisure + AssuredPartners + Inszone all bolt-on active in TX metros.,65,C_watch,"GATE: successor_in_place: Bob Britton → Riley Britton succession executed. L1 59/L2 88/L3 42/L4 87 → final 65, tier C_watch (conf medium).",,medium,0.5,mixed,3
Insurance Over Texas,,Houston,Harris,,430 Hwy 6 S. #102,281-752-6704,https://www.insuranceovertexas.com/,Martha Juarez,,website_self_report,,31,,False,[],59,"Martha Juarez, age UNKNOWN; 31-yr agency tenure — license-tenure proxy only, no CAD/OV65 this pass.",91,31-yr mixed agency; 13 carriers visible. Renewal-commission recurring revenue is the L2 ceiling for insurance.,28,0 coasting tell(s). Successor-check live-fetch not completed — caps confidence at low/medium.,89,Harris County — insurance brokerage is the most M&A-active vertical (700+ deals/yr nationally). Higginbotham + Hub + Acrisure + AssuredPartners + Inszone all bolt-on active in TX metros.,62,C_watch,"GATE: successor_in_place: Succession just completed — Dale Jackson → Martha Juarez. L1 59/L2 91/L3 28/L4 89 → final 62, tier C_watch (conf medium).",,medium,0.5,mixed,
"Pasadena Insurance Agency, Inc.",,Pasadena/Houston,Harris,77007,"99 Detering, Houston, TX 77007",,https://www.pasins.com/,Frank Karkowsky (President) + Ronnie Karkowsky (VP) — 3rd gen brothers,,website_self_report,,90,,False,[],59,"Frank Karkowsky (President) + Ronnie Karkowsky (VP) — 3rd gen brothers, age UNKNOWN; 90-yr agency tenure — license-tenure proxy only, no CAD/OV65 this pass.",88,90-yr mixed agency; 0 carriers visible. Renewal-commission recurring revenue is the L2 ceiling for insurance.,28,0 coasting tell(s). Successor-check live-fetch not completed — caps confidence at low/medium.,89,Harris County — insurance brokerage is the most M&A-active vertical (700+ deals/yr nationally). Higginbotham + Hub + Acrisure + AssuredPartners + Inszone all bolt-on active in TX metros.,61,C_watch,"GATE: successor_in_place: 3rd-gen Karkowsky brothers actively operating — succession path locked. L1 59/L2 88/L3 28/L4 89 → final 61, tier C_watch (conf medium).",,medium,0.5,mixed,
Gibb Agency Insurance Services,,Dallas,Dallas,75243,"9535 Forest Ln, Ste 102",,https://gibbinsuranceservices.com/,"Susana Gibb (Dallas branch, since 1997) + Gilbert Gibb (founder, Tyler, since 1989)",,website_self_report,29,37,,False,[],59,"Susana Gibb (Dallas branch, since 1997) + Gilbert Gibb (founder, Tyler, since 1989), age UNKNOWN; 37-yr agency tenure — license-tenure proxy only, no CAD/OV65 this pass.",88,37-yr mixed agency; 0 carriers visible. Renewal-commission recurring revenue is the L2 ceiling for insurance.,28,0 coasting tell(s). Successor-check live-fetch not completed — caps confidence at low/medium.,89,Dallas County — insurance brokerage is the most M&A-active vertical (700+ deals/yr nationally). Higginbotham + Hub + Acrisure + AssuredPartners + Inszone all bolt-on active in TX metros.,61,C_watch,"GATE: successor_in_place: Gilbert → Susana Gibb father-daughter succession executed. L1 59/L2 88/L3 28/L4 89 → final 61, tier C_watch (conf medium).",,medium,0.5,mixed,
Brooks Cannon Insurance Group,,Dallas,Dallas,75206,5728 Prospect Ave Suite 2003,214-446-9000,https://brookscannon.com/,Brooks Cannon,,linkedin_career_start,26,26,,False,[],49,"Brooks Cannon, age UNKNOWN; 26-yr agency tenure — license-tenure proxy only, no CAD/OV65 this pass.",85,26-yr mixed agency; 11 carriers visible. Renewal-commission recurring revenue is the L2 ceiling for insurance.,28,0 coasting tell(s). Successor-check live-fetch not completed — caps confidence at low/medium.,89,Dallas County — insurance brokerage is the most M&A-active vertical (700+ deals/yr nationally). Higginbotham + Hub + Acrisure + AssuredPartners + Inszone all bolt-on active in TX metros.,58,C_watch,"L1 49/L2 85/L3 28/L4 89 → final 58, tier C_watch (conf medium).",,medium,0.5,mixed,
Champion Commercial Insurance,,Dallas,Dallas,,8131 Lyndon B Johnson Fwy,,https://championins.com/,Bruce Sams (4th gen TX insurance) + David Hunt + Greg Rumsey,,website_self_report,29,29,,False,[],49,"Bruce Sams (4th gen TX insurance) + David Hunt + Greg Rumsey, age UNKNOWN; 29-yr agency tenure — license-tenure proxy only, no CAD/OV65 this pass.",85,29-yr mixed agency; 8 carriers visible. Renewal-commission recurring revenue is the L2 ceiling for insurance.,28,0 coasting tell(s). Successor-check live-fetch not completed — caps confidence at low/medium.,89,Dallas County — insurance brokerage is the most M&A-active vertical (700+ deals/yr nationally). Higginbotham + Hub + Acrisure + AssuredPartners + Inszone all bolt-on active in TX metros.,58,C_watch,"GATE: successor_in_place: Just merged with Wood-Wilson April 2023. L1 49/L2 85/L3 28/L4 89 → final 58, tier C_watch (conf medium).",,medium,0.5,mixed,
Texan's Choice Insurance Agency,,San Antonio,Bexar,,13409 NW Military #308,(210) 492-7000,https://texanschoice.com/,Roger J. Haines,,unknown,14,14,,False,[],25,"Roger J. Haines, age UNKNOWN; 14-yr agency tenure — license-tenure proxy only, no CAD/OV65 this pass.",75,14-yr mixed agency; 8 carriers visible. Renewal-commission recurring revenue is the L2 ceiling for insurance.,60,2 coasting tell(s). Successor-check live-fetch not completed — caps confidence at low/medium.,84,Bexar County — insurance brokerage is the most M&A-active vertical (700+ deals/yr nationally). Higginbotham + Hub + Acrisure + AssuredPartners + Inszone all bolt-on active in TX metros.,57,C_watch,"L1 25/L2 75/L3 60/L4 84 → final 57, tier C_watch (conf low).",,low,0.5,mixed,1
Avalon Insurance Agency,,Houston,Harris,77096,,,https://www.avalonins.com/,Tom Huynh (Founder/President) + Debbie Gehring (Owner),,linkedin,20,20,,False,[],45,"Tom Huynh (Founder/President) + Debbie Gehring (Owner), age UNKNOWN; 20-yr agency tenure — license-tenure proxy only, no CAD/OV65 this pass.",85,20-yr mixed agency; 15 carriers visible. Renewal-commission recurring revenue is the L2 ceiling for insurance.,28,0 coasting tell(s). Successor-check live-fetch not completed — caps confidence at low/medium.,89,Harris County — insurance brokerage is the most M&A-active vertical (700+ deals/yr nationally). Higginbotham + Hub + Acrisure + AssuredPartners + Inszone all bolt-on active in TX metros.,56,C_watch,"L1 45/L2 85/L3 28/L4 89 → final 56, tier C_watch (conf medium).",,medium,0.5,mixed,
The Texas Insurance Broker,,Austin,Travis,,4009 Banister Lane,512-270-0256,https://www.thetexasinsurancebroker.com/,Tom Shallue,,unknown,7,7,,False,[],19,"Tom Shallue, age UNKNOWN; 7-yr agency tenure — license-tenure proxy only, no CAD/OV65 this pass.",62,7-yr mixed agency; 1 carriers visible. Renewal-commission recurring revenue is the L2 ceiling for insurance.,60,2 coasting tell(s). Successor-check live-fetch not completed — caps confidence at low/medium.,87,Travis County — insurance brokerage is the most M&A-active vertical (700+ deals/yr nationally). Higginbotham + Hub + Acrisure + AssuredPartners + Inszone all bolt-on active in TX metros.,52,C_watch,"L1 19/L2 62/L3 60/L4 87 → final 52, tier C_watch (conf low).",,low,0.5,mixed,1
DeShazo Insurance,,Sugar Land,Fort Bend (cross-Harris),,,,https://www.deshazoinsurance.com/,Abbie DeShazo,,linkedin,16,16,6,False,[],35,"Abbie DeShazo, age UNKNOWN; 16-yr agency tenure — license-tenure proxy only, no CAD/OV65 this pass.",75,16-yr mixed agency; 5 carriers visible. Renewal-commission recurring revenue is the L2 ceiling for insurance.,28,0 coasting tell(s). Successor-check live-fetch not completed — caps confidence at low/medium.,69,Fort Bend (cross-Harris) County — insurance brokerage is the most M&A-active vertical (700+ deals/yr nationally). Higginbotham + Hub + Acrisure + AssuredPartners + Inszone all bolt-on active in TX metros.,48,C_watch,"L1 35/L2 75/L3 28/L4 69 → final 48, tier C_watch (conf medium).",,medium,0.5,mixed,
"MH P&C Insurance Agency, LLC",,Pflugerville,Travis,78660,100 S 2nd St,(512) 852-1382,https://mhautohome.com/,Brent Christopher Hagen,,unknown,20,11,,False,[],25,"Brent Christopher Hagen, age UNKNOWN; 11-yr agency tenure — license-tenure proxy only, no CAD/OV65 this pass.",75,11-yr mixed agency; 10 carriers visible. Renewal-commission recurring revenue is the L2 ceiling for insurance.,28,0 coasting tell(s). Successor-check live-fetch not completed — caps confidence at low/medium.,87,Travis County — insurance brokerage is the most M&A-active vertical (700+ deals/yr nationally). Higginbotham + Hub + Acrisure + AssuredPartners + Inszone all bolt-on active in TX metros.,48,C_watch,"L1 25/L2 75/L3 28/L4 87 → final 48, tier C_watch (conf low).",,low,0.5,mixed,
Hart Insurance Group,,Spring,Montgomery (cross-Harris),77380,2203 Timberloch Pl Ste 135,281-419-1656,https://www.insurewithhart.com/independent-agent,,,unknown,15,15,,False,[],35,"owner not identified, age UNKNOWN; 15-yr agency tenure — license-tenure proxy only, no CAD/OV65 this pass.",64,15-yr personal_only agency; 0 carriers visible. Renewal-commission recurring revenue is the L2 ceiling for insurance.,28,0 coasting tell(s). Successor-check live-fetch not completed — caps confidence at low/medium.,62,Montgomery (cross-Harris) County — insurance brokerage is the most M&A-active vertical (700+ deals/yr nationally). Higginbotham + Hub + Acrisure + AssuredPartners + Inszone all bolt-on active in TX metros.,44,D_pass,"L1 35/L2 64/L3 28/L4 62 → final 44, tier D_pass (conf low).",,low,0.38,personal_only,
"Haley Insurance Agency, Inc.",,The Woodlands,Montgomery (cross-Harris),,,281-364-7888,https://haleyinsuranceonline.com/,,,unknown,,,,False,[],19,"owner not identified, age UNKNOWN; 0-yr agency tenure — license-tenure proxy only, no CAD/OV65 this pass.",30,Only 0 yrs in business — fails 5-yr gate.,28,0 coasting tell(s). Successor-check live-fetch not completed — caps confidence at low/medium.,62,Montgomery (cross-Harris) County — insurance brokerage is the most M&A-active vertical (700+ deals/yr nationally). Higginbotham + Hub + Acrisure + AssuredPartners + Inszone all bolt-on active in TX metros.,31,D_pass,"L1 19/L2 30/L3 28/L4 62 → final 31, tier D_pass (conf low).",,low,0.25,personal_only,
Texan Insurance,,Houston,Harris,77036,6161 Savoy Dr Ste 960,281-998-2500,https://www.texaninsurance.com/,Rahim Virani (President),,unknown,,41,,False,[],59,"Rahim Virani (President), age UNKNOWN; 41-yr agency tenure — license-tenure proxy only, no CAD/OV65 this pass.",88,41-yr mixed agency; 1 carriers visible. Renewal-commission recurring revenue is the L2 ceiling for insurance.,60,2 coasting tell(s). Successor-check live-fetch not completed — caps confidence at low/medium.,89,Harris County — insurance brokerage is the most M&A-active vertical (700+ deals/yr nationally). Higginbotham + Hub + Acrisure + AssuredPartners + Inszone all bolt-on active in TX metros.,25,D_pass,"GATE: acquirer_role: Active acquirer — 5 acquisitions 2020-2025, dedicated M&A landing page. L1 59/L2 88/L3 60/L4 89 → final 25, tier D_pass (conf high).",,high,0.5,mixed,
Texas Insurance Agency (TIA),,Houston,Harris,,,,https://gettia.com/,,,unknown,,27,700,False,[],49,"owner not identified, age UNKNOWN; 27-yr agency tenure — license-tenure proxy only, no CAD/OV65 this pass.",82,27-yr mixed agency; 0 carriers visible. Renewal-commission recurring revenue is the L2 ceiling for insurance.,28,0 coasting tell(s). Successor-check live-fetch not completed — caps confidence at low/medium.,89,Harris County — insurance brokerage is the most M&A-active vertical (700+ deals/yr nationally). Higginbotham + Hub + Acrisure + AssuredPartners + Inszone all bolt-on active in TX metros.,25,D_pass,"GATE: too_large: 700+ employees, 40+ locations — aggregator/platform-scale. L1 49/L2 82/L3 28/L4 89 → final 25, tier D_pass (conf high).",,high,0.38,mixed,
Kevin Lee Company,,Dallas,Dallas,75234,"2828 Forest Ln, Ste 2300",(972) 243-0108,https://kevinleeco.com/,Kevin Lee,,license_tenure_proxy,39,39,,False,[],59,"Kevin Lee, age UNKNOWN; 39-yr agency tenure — license-tenure proxy only, no CAD/OV65 this pass.",88,39-yr mixed agency; 1 carriers visible. Renewal-commission recurring revenue is the L2 ceiling for insurance.,28,0 coasting tell(s). Successor-check live-fetch not completed — caps confidence at low/medium.,89,Dallas County — insurance brokerage is the most M&A-active vertical (700+ deals/yr nationally). Higginbotham + Hub + Acrisure + AssuredPartners + Inszone all bolt-on active in TX metros.,25,D_pass,"GATE: too_large: 14-state operation — likely above off-market acquirer-self threshold. L1 59/L2 88/L3 28/L4 89 → final 25, tier D_pass (conf high).",,high,0.5,mixed,
Salgado Insurance Agency,,Richardson,Dallas,,,972-327-6565,https://salgadoinsuranceagency.com/,Hondo Salgado,,license_tenure_proxy,13,13,,False,[],25,"Hondo Salgado, age UNKNOWN; 13-yr agency tenure — license-tenure proxy only, no CAD/OV65 this pass.",72,13-yr mixed agency; 0 carriers visible. Renewal-commission recurring revenue is the L2 ceiling for insurance.,42,1 coasting tell(s). Successor-check live-fetch not completed — caps confidence at low/medium.,89,Dallas County — insurance brokerage is the most M&A-active vertical (700+ deals/yr nationally). Higginbotham + Hub + Acrisure + AssuredPartners + Inszone all bolt-on active in TX metros.,25,D_pass,"GATE: too_young: Only 13-15 yrs. L1 25/L2 72/L3 42/L4 89 → final 25, tier D_pass (conf high).",,high,0.5,mixed,1
Schuder Insurance Agency,,Fort Worth,Tarrant,76104,109 E Rosedale St,(817) 353-2017,https://schuderinsurance.com/,"Crystal Schuder (with Harley Schuder, mother)",,unknown,7,7,3,False,[],19,"Crystal Schuder (with Harley Schuder, mother), age UNKNOWN; 7-yr agency tenure — license-tenure proxy only, no CAD/OV65 this pass.",65,7-yr mixed agency; 18 carriers visible. Renewal-commission recurring revenue is the L2 ceiling for insurance.,28,0 coasting tell(s). Successor-check live-fetch not completed — caps confidence at low/medium.,89,Tarrant County — insurance brokerage is the most M&A-active vertical (700+ deals/yr nationally). Higginbotham + Hub + Acrisure + AssuredPartners + Inszone all bolt-on active in TX metros.,25,D_pass,"GATE: platform_or_captive: captive_or_dual_appointed (Crystal Schuder is also a Farmers Insurance agent per agents.farmers.com). L1 19/L2 65/L3 28/L4 89 → final 25, tier D_pass (conf high).",,high,0.5,mixed,3
Watkins Insurance Group,,Austin,Travis,,"3834 Spicewood Springs Rd, Austin, TX",,https://watkinsinsurancegroup.com/,Patrick Watkins (CEO + majority shareholder),,license_tenure_proxy,31,76,165,False,[],59,"Patrick Watkins (CEO + majority shareholder), age UNKNOWN; 76-yr agency tenure — license-tenure proxy only, no CAD/OV65 this pass.",88,76-yr mixed agency; 0 carriers visible. Renewal-commission recurring revenue is the L2 ceiling for insurance.,60,2 coasting tell(s). Successor-check live-fetch captured.,87,Travis County — insurance brokerage is the most M&A-active vertical (700+ deals/yr nationally). Higginbotham + Hub + Acrisure + AssuredPartners + Inszone all bolt-on active in TX metros.,25,D_pass,"GATE: too_large: 165 emp / $93M rev / 50-state — too large + active CEO succession. L1 59/L2 88/L3 60/L4 87 → final 25, tier D_pass (conf high).",,high,0.5,mixed,
Lawhorn & Moore Insurance Brokers,,Round Rock,Williamson (cross-Travis),78681,1311 Chisholm Trl Suite 403,,https://lminsurancebrokers.com/,Justin Lawhorn + John Moore (Goosehead franchise owners),,unknown,17,17,,False,[],35,"Justin Lawhorn + John Moore (Goosehead franchise owners), age UNKNOWN; 17-yr agency tenure — license-tenure proxy only, no CAD/OV65 this pass.",75,17-yr mixed agency; 4 carriers visible. Renewal-commission recurring revenue is the L2 ceiling for insurance.,28,0 coasting tell(s). Successor-check live-fetch not completed — caps confidence at low/medium.,69,Williamson (cross-Travis) County — insurance brokerage is the most M&A-active vertical (700+ deals/yr nationally). Higginbotham + Hub + Acrisure + AssuredPartners + Inszone all bolt-on active in TX metros.,25,D_pass,"GATE: platform_or_captive: platform_subsidiary (Goosehead Insurance franchise — EXCLUDE FROM TARGETS). L1 35/L2 75/L3 28/L4 69 → final 25, tier D_pass (conf high).",,high,0.5,mixed,2
Allen Thomas Group,,Houston,Harris,,,(440) 826-3676,https://allenthomasgroup.com/texas-insurance-agency/houston/,Joe Race (founder/CEO; University of Akron grad),55,license_tenure_proxy,23,23,,False,[],43,"Joe Race (founder/CEO; University of Akron grad), est. age ~55 (license-tenure proxy); 23-yr agency tenure.",85,23-yr mixed agency; 8 carriers visible. Renewal-commission recurring revenue is the L2 ceiling for insurance.,60,2 coasting tell(s). Successor-check live-fetch not completed — caps confidence at low/medium.,89,Harris County — insurance brokerage is the most M&A-active vertical (700+ deals/yr nationally). Higginbotham + Hub + Acrisure + AssuredPartners + Inszone all bolt-on active in TX metros.,25,D_pass,"GATE: too_large: Akron OH HQ multi-state — Houston is regional branch. L1 43/L2 85/L3 60/L4 89 → final 25, tier D_pass (conf high).",,high,0.62,mixed,
Josh Smith Insurance Agency,,Frisco,Collin (cross-Dallas),,,,https://insurancewithjosh.com/,Josh Smith (Owner/Agent; Army veteran),,unknown,14,14,6,False,[],25,"Josh Smith (Owner/Agent; Army veteran), age UNKNOWN; 14-yr agency tenure — license-tenure proxy only, no CAD/OV65 this pass.",75,14-yr mixed agency; 10 carriers visible. Renewal-commission recurring revenue is the L2 ceiling for insurance.,28,0 coasting tell(s). Successor-check live-fetch not completed — caps confidence at low/medium.,69,Collin (cross-Dallas) County — insurance brokerage is the most M&A-active vertical (700+ deals/yr nationally). Higginbotham + Hub + Acrisure + AssuredPartners + Inszone all bolt-on active in TX metros.,25,D_pass,"GATE: not_selling_mid_career: Mid-career owner. L1 25/L2 75/L3 28/L4 69 → final 25, tier D_pass (conf high).",,high,0.5,mixed,6
TWFG Insurance Services (The Woodlands HQ; Tomball branch),TWFG,Tomball,Harris,77375,23309 Kuykendahl Rd,(281) 466-1310,https://twfg-texas.com/,Branch operator (specific name not disclosed for Tomball location); corporate parent TWFG Inc. (NASDAQ: TWFG),,unknown,,25,,False,[],49,"Branch operator (specific name not disclosed for Tomball location); corporate parent TWFG Inc. (NASDAQ: TWFG), age UNKNOWN; 25-yr agency tenure — license-tenure proxy only, no CAD/OV65 this pass.",85,25-yr mixed agency; 9 carriers visible. Renewal-commission recurring revenue is the L2 ceiling for insurance.,28,0 coasting tell(s). Successor-check live-fetch not completed — caps confidence at low/medium.,89,Harris County — insurance brokerage is the most M&A-active vertical (700+ deals/yr nationally). Higginbotham + Hub + Acrisure + AssuredPartners + Inszone all bolt-on active in TX metros.,25,D_pass,"GATE: platform_or_captive: platform_subsidiary (TWFG franchise model, ~400 branches; public IPO 2024 — EXCLUDE FROM TARGETS). L1 49/L2 85/L3 28/L4 89 → final 25, tier D_pass (conf high).",,high,0.5,mixed,
Chande Agency,,Round Rock,Williamson (cross-Travis),78665,2200 East Palm Valley Blvd Ste 120,(737) 220-9800,https://www.chandeagency.com/,Sameer (Sam) Chande — GEICO Local Agent,,unknown,,,,False,[],19,"Sameer (Sam) Chande — GEICO Local Agent, age UNKNOWN; 0-yr agency tenure — license-tenure proxy only, no CAD/OV65 this pass.",30,Only 0 yrs in business — fails 5-yr gate.,28,0 coasting tell(s). Successor-check live-fetch not completed — caps confidence at low/medium.,69,Williamson (cross-Travis) County — insurance brokerage is the most M&A-active vertical (700+ deals/yr nationally). Higginbotham + Hub + Acrisure + AssuredPartners + Inszone all bolt-on active in TX metros.,25,D_pass,"GATE: platform_or_captive: platform_subsidiary (GEICO Local Agent program — EXCLUDE FROM TARGETS). L1 19/L2 30/L3 28/L4 69 → final 25, tier D_pass (conf high).",,high,0.38,mixed,
