legal_name,dba_name,city,county,zip,address,phone,website,owner_name,owner_age_estimate,owner_age_source,owner_tenure_years,years_in_business,provider_count_estimate,employee_count_estimate,is_distressed,distress_reasons,layer1_base_rate,layer1_comment,layer2_sellability,layer2_comment,layer3_behavioral_trigger,layer3_comment,layer4_market_pull,layer4_comment,final_score,final_tier,final_comment,value_add_thesis,confidence,data_completeness,practice_type
Altig Optical,,Fort Worth,Tarrant,76137,3451 Western Center Boulevard,(817) 847-0030,https://www.altigoptical.com/,Dr. William D Altig,66,practice_start_1985_proxy,41,34,4,,False,[],88,"Dr. William D Altig, est. age ~66 (practice_start_1985_proxy); 34-yr practice tenure.",85,34-yr medical_eye_care practice; 4 OD(s); optical attached=true. Annual exam + contact lens recurring revenue.,60,2 coasting tell(s). Successor-check live-fetch captured.,84,Tarrant County. MyEyeDr/Acuity/Keplr/AEG less aggressive than DSO consolidation in dental — solo $700K-$1.2M OD-owned practices still under-targeted.,78,B_forward,"L1 88/L2 85/L3 60/L4 84 → final 78, tier B_forward (conf medium).",,medium,0.62,medical_eye_care
Vision Plus,,San Antonio,Bexar,78238,3331 Wurzbach Rd B,(210) 520-6353,https://www.visionplustx.com/,Dr. Thomas J. Goldstein (Optometrist/Owner) + Jennifer Goldstein (Business Manager/Co-owner),64,noecno_grad_year_proxy_1986,40,32,2,,False,[],82,"Dr. Thomas J. Goldstein (Optometrist/Owner) + Jennifer Goldstein (Business Manager/Co-owner), est. age ~64 (noecno_grad_year_proxy_1986); 32-yr practice tenure.",88,32-yr medical_eye_care practice; 2 OD(s); optical attached=true. Annual exam + contact lens recurring revenue.,60,2 coasting tell(s). Successor-check live-fetch not completed.,82,Bexar County. MyEyeDr/Acuity/Keplr/AEG less aggressive than DSO consolidation in dental — solo $700K-$1.2M OD-owned practices still under-targeted.,77,B_forward,"L1 82/L2 88/L3 60/L4 82 → final 77, tier B_forward (conf medium).",,medium,0.62,medical_eye_care
Bellaire Optometry Clinic,Bellaire Optometry,Houston,Harris,77072,10080 Bellaire Blvd Suite 105,(713) 774-3211,https://www.bellaireoptometry.com/,Dr. Anne Huyen Le,63,license_tenure_proxy,37,37,1,,False,[],79,"Dr. Anne Huyen Le, est. age ~63 (license-tenure proxy); 37-yr practice tenure.",86,37-yr mixed practice; 1 OD(s); optical attached=true. Annual exam + contact lens recurring revenue.,60,2 coasting tell(s). Successor-check live-fetch not completed.,84,Harris County. MyEyeDr/Acuity/Keplr/AEG less aggressive than DSO consolidation in dental — solo $700K-$1.2M OD-owned practices still under-targeted.,76,B_forward,"L1 79/L2 86/L3 60/L4 84 → final 76, tier B_forward (conf medium).",,medium,0.62,mixed
North Texas Eye Care,,Southlake,Tarrant,76092,101 River Oaks Drive #100,(817) 562-2101,https://www.ntxeyecare.com/,Dr. Gregory Kloesel,62,uhco_grad_year_proxy_1989,37,34,1,,False,[],75,"Dr. Gregory Kloesel, est. age ~62 (uhco_grad_year_proxy_1989); 34-yr practice tenure.",88,34-yr medical_eye_care practice; 1 OD(s); optical attached=true. Annual exam + contact lens recurring revenue.,60,2 coasting tell(s). Successor-check live-fetch captured.,84,Tarrant County. MyEyeDr/Acuity/Keplr/AEG less aggressive than DSO consolidation in dental — solo $700K-$1.2M OD-owned practices still under-targeted.,75,B_forward,"L1 75/L2 88/L3 60/L4 84 → final 75, tier B_forward (conf medium).",,medium,0.62,medical_eye_care
Vision Source Aldine,,Houston,Harris,77039,5164 Aldine Mail Road,(281) 449-7400,https://visionsource-aldine.com/,Dr. Ravindra (Ravi) Kankaria,60,license_tenure_proxy,33,33,2,8,False,[],67,"Dr. Ravindra (Ravi) Kankaria, est. age ~60 (license-tenure proxy); 33-yr practice tenure.",86,33-yr mixed practice; 2 OD(s); optical attached=true. Annual exam + contact lens recurring revenue.,60,2 coasting tell(s). Successor-check live-fetch not completed.,84,Harris County. MyEyeDr/Acuity/Keplr/AEG less aggressive than DSO consolidation in dental — solo $700K-$1.2M OD-owned practices still under-targeted.,72,B_forward,"L1 67/L2 86/L3 60/L4 84 → final 72, tier B_forward (conf medium).",,medium,0.62,mixed
Park Cities Eye Associates,,Dallas,Dallas,75225,8115 Preston Rd Suite 630,(214) 360-9951,https://www.parkcitieseye.com/,Dr. Cathy Ann Norton,60,license_tenure_proxy,30,30,1,6,False,[],67,"Dr. Cathy Ann Norton, est. age ~60 (license-tenure proxy); 30-yr practice tenure.",88,30-yr medical_eye_care practice; 1 OD(s); optical attached=true. Annual exam + contact lens recurring revenue.,42,1 coasting tell(s). Successor-check live-fetch not completed.,87,Dallas County. MyEyeDr/Acuity/Keplr/AEG less aggressive than DSO consolidation in dental — solo $700K-$1.2M OD-owned practices still under-targeted.,68,B_forward,"L1 67/L2 88/L3 42/L4 87 → final 68, tier B_forward (conf medium).",,medium,0.62,medical_eye_care
Parmer Eye Care,,Austin,Travis,78717,9900 W Parmer Lane Suite 210,(737) 339-3081,https://www.parmereyecare.com/,Dr. Sundra Lemanski,56,graduation_year_proxy,30,28,3,,False,[],51,"Dr. Sundra Lemanski, est. age ~56 (graduation_year_proxy); 28-yr practice tenure.",81,28-yr medical_eye_care practice; 3 OD(s); optical attached=true. Annual exam + contact lens recurring revenue.,60,2 coasting tell(s). Successor-check live-fetch captured.,84,Travis County. MyEyeDr/Acuity/Keplr/AEG less aggressive than DSO consolidation in dental — solo $700K-$1.2M OD-owned practices still under-targeted.,66,B_forward,"L1 51/L2 81/L3 60/L4 84 → final 66, tier B_forward (conf medium).",,medium,0.62,medical_eye_care
Southlake Family Eye Care,KJK Eye Care LLC,Southlake,Tarrant,76092,510 E Southlake Blvd Suite 100,(817) 481-1665,https://www.southlakefamilyeyecare.com/,Dr. Kirk J. Koogler,56,uhco_grad_year_proxy_1995,31,29,1,4,False,[],51,"Dr. Kirk J. Koogler, est. age ~56 (uhco_grad_year_proxy_1995); 29-yr practice tenure.",79,29-yr mixed practice; 1 OD(s); optical attached=true. Annual exam + contact lens recurring revenue.,60,2 coasting tell(s). Successor-check live-fetch captured.,81,Tarrant County. MyEyeDr/Acuity/Keplr/AEG less aggressive than DSO consolidation in dental — solo $700K-$1.2M OD-owned practices still under-targeted.,65,B_forward,"L1 51/L2 79/L3 60/L4 81 → final 65, tier B_forward (conf medium).",,medium,0.62,mixed
Lakeside Vision & Optical,,Plano,Collin,75093,4012 Preston Road Suite 500,(972) 985-3638,https://www.lakesidevisionplano.com/,Dr. Deborah Moon,55,license_tenure_proxy,22,22,2,6,False,[],43,"Dr. Deborah Moon, est. age ~55 (license-tenure proxy); 22-yr practice tenure.",81,22-yr medical_eye_care practice; 2 OD(s); optical attached=true. Annual exam + contact lens recurring revenue.,60,2 coasting tell(s). Successor-check live-fetch not completed.,86,Collin County. MyEyeDr/Acuity/Keplr/AEG less aggressive than DSO consolidation in dental — solo $700K-$1.2M OD-owned practices still under-targeted.,64,B_forward,"L1 43/L2 81/L3 60/L4 86 → final 64, tier B_forward (conf medium).",,medium,0.62,medical_eye_care
Eagle Ranch Vision,,Fort Worth,Tarrant,,7201 Boat Club Road,(817) 750-2233,https://www.eagleranchvision.com/,Dr. Corey Giammarco (presumptive),,unknown,,21,6,,False,[],45,"Dr. Corey Giammarco (presumptive), age UNKNOWN; 21-yr practice tenure — license-tenure proxy only.",78,21-yr medical_eye_care practice; 6 OD(s); optical attached=true. Annual exam + contact lens recurring revenue.,60,2 coasting tell(s). Successor-check live-fetch captured.,84,Tarrant County. MyEyeDr/Acuity/Keplr/AEG less aggressive than DSO consolidation in dental — solo $700K-$1.2M OD-owned practices still under-targeted.,64,B_forward,"L1 45/L2 78/L3 60/L4 84 → final 64, tier B_forward (conf medium).",,medium,0.5,medical_eye_care
Texas State Optical Sugar Land,TSO Sugar Land,Sugar Land,Fort Bend,77478,13879 Southwest Freeway,(281) 238-5668,https://www.tsosugarland.com/,Dr. Robert Le,57,graduation_year_proxy,29,29,1,,False,[],55,"Dr. Robert Le, est. age ~57 (graduation_year_proxy); 29-yr practice tenure.",81,29-yr medical_eye_care practice; 1 OD(s); optical attached=true. Annual exam + contact lens recurring revenue.,42,1 coasting tell(s). Successor-check live-fetch captured.,84,Fort Bend County. MyEyeDr/Acuity/Keplr/AEG less aggressive than DSO consolidation in dental — solo $700K-$1.2M OD-owned practices still under-targeted.,62,B_forward,"L1 55/L2 81/L3 42/L4 84 → final 62, tier B_forward (conf medium).",,medium,0.62,medical_eye_care
VisualEyes,,Fort Worth,Tarrant,76132,6037 Harris Parkway,(817) 294-2800,https://visualeyeswest.com/,Dr. Keira R. West,50,optometry_grad_year_proxy_2001,25,25,3,,False,[],29,"Dr. Keira R. West, est. age ~50 (optometry_grad_year_proxy_2001); 25-yr practice tenure.",81,25-yr medical_eye_care practice; 3 OD(s); optical attached=true. Annual exam + contact lens recurring revenue.,60,2 coasting tell(s). Successor-check live-fetch not completed.,84,Tarrant County. MyEyeDr/Acuity/Keplr/AEG less aggressive than DSO consolidation in dental — solo $700K-$1.2M OD-owned practices still under-targeted.,60,B_forward,"L1 29/L2 81/L3 60/L4 84 → final 60, tier B_forward (conf medium).",,medium,0.62,medical_eye_care
Mi Vision Eye Care,,San Antonio,Bexar,78201,4522 Fredericksburg Rd Suite B36,(210) 923-2020,https://mivisioneyecare.com/,Dr. Pedro Cuba,55,non_traditional_career_arc_army_gulf_war_then_optometry_2011,15,15,1,,False,[],43,"Dr. Pedro Cuba, est. age ~55 (non_traditional_career_arc_army_gulf_war_then_optometry_2011); 15-yr practice tenure.",69,15-yr mixed practice; 1 OD(s); optical attached=true. Annual exam + contact lens recurring revenue.,60,2 coasting tell(s). Successor-check live-fetch not completed.,79,Bexar County. MyEyeDr/Acuity/Keplr/AEG less aggressive than DSO consolidation in dental — solo $700K-$1.2M OD-owned practices still under-targeted.,60,B_forward,"L1 43/L2 69/L3 60/L4 79 → final 60, tier B_forward (conf medium).",,medium,0.62,mixed
Tanglewood Vision Center,,Austin,Travis,78748,2110 Slaughter Lane Suite 123,(512) 280-0520,https://tanglewoodvision.com/,Dr. Joseph J. McGowan,52,graduation_year_proxy,27,27,2,,False,[],29,"Dr. Joseph J. McGowan, est. age ~52 (graduation_year_proxy); 27-yr practice tenure.",81,27-yr medical_eye_care practice; 2 OD(s); optical attached=true. Annual exam + contact lens recurring revenue.,60,2 coasting tell(s). Successor-check live-fetch captured.,84,Travis County. MyEyeDr/Acuity/Keplr/AEG less aggressive than DSO consolidation in dental — solo $700K-$1.2M OD-owned practices still under-targeted.,60,B_forward,"L1 29/L2 81/L3 60/L4 84 → final 60, tier B_forward (conf medium).",,medium,0.62,medical_eye_care
Vision Source Kingwood,,Kingwood,Harris,77339,1714 Kingwood Drive,(281) 359-2020,https://visionsource-kingwood.com/,Dr. Glenn D. Ellisor,67,license_tenure_proxy,41,35,6,,False,[],91,"Dr. Glenn D. Ellisor, est. age ~67 (license-tenure proxy); 35-yr practice tenure.",83,35-yr mixed practice; 6 OD(s); optical attached=true. Annual exam + contact lens recurring revenue.,60,2 coasting tell(s). Successor-check live-fetch not completed.,84,Harris County. MyEyeDr/Acuity/Keplr/AEG less aggressive than DSO consolidation in dental — solo $700K-$1.2M OD-owned practices still under-targeted.,79,C_watch,"GATE: succession_or_growth: Glenn Ellisor = founder of Vision Source cooperative + 3-gen family pipeline (Wade + Erin). L1 91/L2 83/L3 60/L4 84 → final 79, tier C_watch (conf high).",,high,0.62,mixed
Lakeline Vision Source,,Cedar Park,Williamson,78613,3419 El Salido Pkwy Ste 100,(512) 918-3937,https://www.lakelinevision.com/,Dr. Laurie Sorrenson,64,graduation_year_proxy,31,31,10,,False,[],82,"Dr. Laurie Sorrenson, est. age ~64 (graduation_year_proxy); 31-yr practice tenure.",85,31-yr medical_eye_care practice; 10 OD(s); optical attached=true. Annual exam + contact lens recurring revenue.,60,2 coasting tell(s). Successor-check live-fetch captured.,78,Williamson County. MyEyeDr/Acuity/Keplr/AEG less aggressive than DSO consolidation in dental — solo $700K-$1.2M OD-owned practices still under-targeted.,76,C_watch,"GATE: succession_or_growth: Son Eric Hammond OD already in practice = locked family succession. L1 82/L2 85/L3 60/L4 78 → final 76, tier C_watch (conf high).",,high,0.62,medical_eye_care
Colony Eye Care Center,,Sugar Land,Fort Bend,77479,4511 Sweetwater Blvd,(281) 265-2020,https://www.colonyeyecare.com/,Dr. Steven C. Davenport,60,license_tenure_proxy,35,35,7,20,False,[],67,"Dr. Steven C. Davenport, est. age ~60 (license-tenure proxy); 35-yr practice tenure.",85,35-yr medical_eye_care practice; 7 OD(s); optical attached=true. Annual exam + contact lens recurring revenue.,60,2 coasting tell(s). Successor-check live-fetch not completed.,84,Fort Bend County. MyEyeDr/Acuity/Keplr/AEG less aggressive than DSO consolidation in dental — solo $700K-$1.2M OD-owned practices still under-targeted.,72,C_watch,"GATE: succession_or_growth: Multi-location LLP. L1 67/L2 85/L3 60/L4 84 → final 72, tier C_watch (conf high).",,high,0.62,medical_eye_care
Exquisite Eye Care,,Houston,Harris,77067,11509 Veterans Memorial Dr #900,(281) 580-3937,https://www.exquisiteeyecare.com/,Dr. Diep Dinh,56,license_tenure_proxy,30,30,3,,False,[],51,"Dr. Diep Dinh, est. age ~56 (license-tenure proxy); 30-yr practice tenure.",88,30-yr medical_eye_care practice; 3 OD(s); optical attached=true. Annual exam + contact lens recurring revenue.,60,2 coasting tell(s). Successor-check live-fetch not completed.,87,Harris County. MyEyeDr/Acuity/Keplr/AEG less aggressive than DSO consolidation in dental — solo $700K-$1.2M OD-owned practices still under-targeted.,68,C_watch,"GATE: succession_or_growth: Multi-OD with sister Pearland location (same operator). L1 51/L2 88/L3 60/L4 87 → final 68, tier C_watch (conf high).",,high,0.62,medical_eye_care
Vision Source Copperfield,,Houston,Harris,77095,8717 Highway 6 North,(281) 859-8000,https://visionsource-copperfield.com/,Dr. Madeline Nguyen,46,license_tenure_proxy,20,35,3,,False,[],29,"Dr. Madeline Nguyen, est. age ~46 (license-tenure proxy); 35-yr practice tenure.",88,35-yr medical_eye_care practice; 3 OD(s); optical attached=true. Annual exam + contact lens recurring revenue.,60,2 coasting tell(s). Successor-check live-fetch not completed.,87,Harris County. MyEyeDr/Acuity/Keplr/AEG less aggressive than DSO consolidation in dental — solo $700K-$1.2M OD-owned practices still under-targeted.,62,C_watch,"GATE: succession_or_growth: Original founder gone; current senior OD UHCO 2006 + 2022 associate hire — succession already executed. L1 29/L2 88/L3 60/L4 87 → final 62, tier C_watch (conf high).",,high,0.62,medical_eye_care
Klein Eyecare,,Spring,Harris,77379,8220 Louetta Road Suite 112,(281) 370-2020,https://www.kleineyecare.com/,Dr. Grant Gibson (current senior OD),49,license_tenure_proxy,23,45,4,,False,[],29,"Dr. Grant Gibson (current senior OD), est. age ~49 (license-tenure proxy); 45-yr practice tenure.",85,45-yr medical_eye_care practice; 4 OD(s); optical attached=true. Annual exam + contact lens recurring revenue.,60,2 coasting tell(s). Successor-check live-fetch not completed.,87,Harris County. MyEyeDr/Acuity/Keplr/AEG less aggressive than DSO consolidation in dental — solo $700K-$1.2M OD-owned practices still under-targeted.,61,C_watch,"GATE: succession_or_growth: Today's Vision franchise + recent associate hire (Moczygemba). L1 29/L2 85/L3 60/L4 87 → final 61, tier C_watch (conf high).",,high,0.62,medical_eye_care
Vision Source Magnolia,,Magnolia,Harris,77354,18000 FM 1488 Ste 100,(346) 586-2020,https://visionsource-magnolia.com/,Dr. Ravi Kankaria,,unknown,16,16,2,,False,[],35,"Dr. Ravi Kankaria, age UNKNOWN; 16-yr practice tenure — license-tenure proxy only.",71,16-yr medical_eye_care practice; 2 OD(s); optical attached=true. Annual exam + contact lens recurring revenue.,60,2 coasting tell(s). Successor-check live-fetch not completed.,87,Harris County. MyEyeDr/Acuity/Keplr/AEG less aggressive than DSO consolidation in dental — solo $700K-$1.2M OD-owned practices still under-targeted.,59,C_watch,"L1 35/L2 71/L3 60/L4 87 → final 59, tier C_watch (conf medium).",,medium,0.5,medical_eye_care
East Dallas Family Eye Care,,Dallas,Dallas,75217,8202 Elam Rd Ste 100,(214) 506-2549,https://www.edfec.net/,Dr. Anand (Ned) Kumar,50,linkedin_grad,21,21,1,4,False,[],25,"Dr. Anand (Ned) Kumar, est. age ~50 (LinkedIn grad); 21-yr practice tenure.",81,21-yr medical_eye_care practice; 1 OD(s); optical attached=true. Annual exam + contact lens recurring revenue.,60,2 coasting tell(s). Successor-check live-fetch not completed.,87,Dallas County. MyEyeDr/Acuity/Keplr/AEG less aggressive than DSO consolidation in dental — solo $700K-$1.2M OD-owned practices still under-targeted.,59,C_watch,"L1 25/L2 81/L3 60/L4 87 → final 59, tier C_watch (conf medium).",,medium,0.62,medical_eye_care
Complete Family Eye Care,,McKinney,Collin,75070,8994 Tour Drive Suite 110,(972) 527-2020,https://www.completefamilyeyecaretexas.com/,Dr. Kenneth Garza + Dr. Bita Garza (spouses),,unknown,16,16,2,6,False,[],35,"Dr. Kenneth Garza + Dr. Bita Garza (spouses), age UNKNOWN; 16-yr practice tenure — license-tenure proxy only.",71,16-yr medical_eye_care practice; 2 OD(s); optical attached=true. Annual exam + contact lens recurring revenue.,60,2 coasting tell(s). Successor-check live-fetch not completed.,86,Collin County. MyEyeDr/Acuity/Keplr/AEG less aggressive than DSO consolidation in dental — solo $700K-$1.2M OD-owned practices still under-targeted.,59,C_watch,"L1 35/L2 71/L3 60/L4 86 → final 59, tier C_watch (conf medium).",,medium,0.5,medical_eye_care
Wilken Family Eye Care,,Coppell,Dallas,75019,755 N Denton Tap Rd #100,(972) 459-3300,https://www.wilkeneye.com/,Dr. Bret Wilken + Dr. Stephanie Wilken (spouses),52,license_tenure_proxy,24,24,3,7,False,[],25,"Dr. Bret Wilken + Dr. Stephanie Wilken (spouses), est. age ~52 (license-tenure proxy); 24-yr practice tenure.",81,24-yr medical_eye_care practice; 3 OD(s); optical attached=true. Annual exam + contact lens recurring revenue.,60,2 coasting tell(s). Successor-check live-fetch not completed.,87,Dallas County. MyEyeDr/Acuity/Keplr/AEG less aggressive than DSO consolidation in dental — solo $700K-$1.2M OD-owned practices still under-targeted.,59,C_watch,"L1 25/L2 81/L3 60/L4 87 → final 59, tier C_watch (conf medium).",,medium,0.62,medical_eye_care
Cedar Park Vision,,Cedar Park,Williamson,78613,908 W Whitestone Suite 100,(512) 259-2020,https://cedarparkvision.com/,"Dr. Kimberly Wampler (+ Dr. Jeff Wineinger, husband co-owner)",52,biographical_proxy,19,25,3,,False,[],29,"Dr. Kimberly Wampler (+ Dr. Jeff Wineinger, husband co-owner), est. age ~52 (biographical_proxy); 25-yr practice tenure.",81,25-yr medical_eye_care practice; 3 OD(s); optical attached=true. Annual exam + contact lens recurring revenue.,60,2 coasting tell(s). Successor-check live-fetch captured.,78,Williamson County. MyEyeDr/Acuity/Keplr/AEG less aggressive than DSO consolidation in dental — solo $700K-$1.2M OD-owned practices still under-targeted.,59,C_watch,"GATE: succession_or_growth: Husband-wife co-owners + Dr. Rains internal-successor candidate. L1 29/L2 81/L3 60/L4 78 → final 59, tier C_watch (conf high).",,high,0.62,medical_eye_care
Vision Source Pearland (Signature Eye Care),Vision Source Pearland,Pearland,Harris,77581,1816 Broadway St Suite 106,(281) 992-3937,https://visionsource-pearland.com/,,,unknown,16,16,,,False,[],35,"owner not identified, age UNKNOWN; 16-yr practice tenure — license-tenure proxy only.",69,16-yr mixed practice; 1 OD(s); optical attached=true. Annual exam + contact lens recurring revenue.,60,2 coasting tell(s). Successor-check live-fetch not completed.,84,Harris County. MyEyeDr/Acuity/Keplr/AEG less aggressive than DSO consolidation in dental — solo $700K-$1.2M OD-owned practices still under-targeted.,58,C_watch,"L1 35/L2 69/L3 60/L4 84 → final 58, tier C_watch (conf low).",,low,0.38,mixed
Vision Corner,,Houston,Harris,77027,4725 Westheimer Rd,(713) 623-2000,https://visioncorner.com/,Dr. Sophia W. Barnes,68,license_tenure_proxy,42,,1,,False,[],82,"Dr. Sophia W. Barnes, est. age ~68 (license-tenure proxy); 0-yr practice tenure.",30,Only 0 yrs — fails 5-yr gate.,42,1 coasting tell(s). Successor-check live-fetch not completed.,87,Harris County. MyEyeDr/Acuity/Keplr/AEG less aggressive than DSO consolidation in dental — solo $700K-$1.2M OD-owned practices still under-targeted.,58,C_watch,"L1 82/L2 30/L3 42/L4 87 → final 58, tier C_watch (conf low).",,low,0.5,medical_eye_care
Visionary Eye Care,,Sugar Land,Fort Bend,,1480 TX-6,(281) 240-4448,https://sugarlandvision.com/,Dr. Alinah Ali,46,linkedin_grad,12,22,1,5,False,[],25,"Dr. Alinah Ali, est. age ~46 (LinkedIn grad); 22-yr practice tenure.",81,22-yr medical_eye_care practice; 1 OD(s); optical attached=true. Annual exam + contact lens recurring revenue.,60,2 coasting tell(s). Successor-check live-fetch not completed.,84,Fort Bend County. MyEyeDr/Acuity/Keplr/AEG less aggressive than DSO consolidation in dental — solo $700K-$1.2M OD-owned practices still under-targeted.,58,C_watch,"L1 25/L2 81/L3 60/L4 84 → final 58, tier C_watch (conf medium).",,medium,0.62,medical_eye_care
Lifetime Eyecare Associates,,The Woodlands,Harris,77375,27214 Kuykendahl Suite 100,(281) 465-8300,https://www.lifetimeeyecareassociates.com/,Dr. Grisel Lagunas (President) + Dr. Claudio Lagunas,50,linkedin_grad,21,21,6,15,False,[],25,"Dr. Grisel Lagunas (President) + Dr. Claudio Lagunas, est. age ~50 (LinkedIn grad); 21-yr practice tenure.",76,21-yr mixed practice; 6 OD(s); optical attached=true. Annual exam + contact lens recurring revenue.,60,2 coasting tell(s). Successor-check live-fetch not completed.,84,Harris County. MyEyeDr/Acuity/Keplr/AEG less aggressive than DSO consolidation in dental — solo $700K-$1.2M OD-owned practices still under-targeted.,57,C_watch,"GATE: succession_or_growth: Multi-location independent. L1 25/L2 76/L3 60/L4 84 → final 57, tier C_watch (conf high).",,high,0.62,mixed
Pro-Optix Optometry & Dry Eye Center,,Houston,Harris,77027,3800 Southwest Freeway Suite 112,(713) 360-7095,https://prooptixeyecare.com/,Dr. Sairah Malik & Dr. Sana Malik,,unknown,11,11,2,,False,[],25,"Dr. Sairah Malik & Dr. Sana Malik, age UNKNOWN; 11-yr practice tenure — license-tenure proxy only.",71,11-yr medical_eye_care practice; 2 OD(s); optical attached=true. Annual exam + contact lens recurring revenue.,60,2 coasting tell(s). Successor-check live-fetch not completed.,87,Harris County. MyEyeDr/Acuity/Keplr/AEG less aggressive than DSO consolidation in dental — solo $700K-$1.2M OD-owned practices still under-targeted.,56,C_watch,"L1 25/L2 71/L3 60/L4 87 → final 56, tier C_watch (conf low).",,low,0.5,medical_eye_care
Vision Pro,,Spring,Harris,77379,20920 Kuykendahl Rd Ste C,(281) 353-3937,https://www.visionproeyecare.com/,Dr. Paul A. Proske,52,license_tenure_proxy,26,19,5,,False,[],25,"Dr. Paul A. Proske, est. age ~52 (license-tenure proxy); 19-yr practice tenure.",68,19-yr medical_eye_care practice; 5 OD(s); optical attached=true. Annual exam + contact lens recurring revenue.,60,2 coasting tell(s). Successor-check live-fetch not completed.,87,Harris County. MyEyeDr/Acuity/Keplr/AEG less aggressive than DSO consolidation in dental — solo $700K-$1.2M OD-owned practices still under-targeted.,56,C_watch,"GATE: succession_or_growth: 5 ODs not solo, owner ~52. L1 25/L2 68/L3 60/L4 87 → final 56, tier C_watch (conf high).",,high,0.62,medical_eye_care
Vision Veritas Eyecare,Vision Veritas,Dallas,Dallas,75248,15123 Prestonwood Blvd Ste 120,(214) 253-2000,https://www.visionveritaseyecare.com/,Dr. Anita Carleo + Dr. Olivia Carleo (sisters),,unknown,12,12,3,7,False,[],25,"Dr. Anita Carleo + Dr. Olivia Carleo (sisters), age UNKNOWN; 12-yr practice tenure — license-tenure proxy only.",71,12-yr medical_eye_care practice; 3 OD(s); optical attached=true. Annual exam + contact lens recurring revenue.,60,2 coasting tell(s). Successor-check live-fetch not completed.,87,Dallas County. MyEyeDr/Acuity/Keplr/AEG less aggressive than DSO consolidation in dental — solo $700K-$1.2M OD-owned practices still under-targeted.,56,C_watch,"L1 25/L2 71/L3 60/L4 87 → final 56, tier C_watch (conf low).",,low,0.5,medical_eye_care
Frisco Family Vision,,Frisco,Collin,75033,10150 Legacy Drive,(469) 444-8888,https://www.friscofamilyvision.com/,Dr. Dana Biederman,45,linkedin_grad,12,12,3,8,False,[],25,"Dr. Dana Biederman, est. age ~45 (LinkedIn grad); 12-yr practice tenure.",71,12-yr medical_eye_care practice; 3 OD(s); optical attached=true. Annual exam + contact lens recurring revenue.,60,2 coasting tell(s). Successor-check live-fetch not completed.,86,Collin County. MyEyeDr/Acuity/Keplr/AEG less aggressive than DSO consolidation in dental — solo $700K-$1.2M OD-owned practices still under-targeted.,56,C_watch,"L1 25/L2 71/L3 60/L4 86 → final 56, tier C_watch (conf low).",,low,0.62,medical_eye_care
Ranch Road Vision Source,,Austin,Travis,78730,7300 Ranch Rd 2222 Suite 112,(512) 893-2020,https://www.ranchroadvision.com/,Dr. Shazeen Ali,38,graduation_year_proxy,11,11,1,,False,[],25,"Dr. Shazeen Ali, est. age ~38 (graduation_year_proxy); 11-yr practice tenure.",71,11-yr medical_eye_care practice; 1 OD(s); optical attached=true. Annual exam + contact lens recurring revenue.,60,2 coasting tell(s). Successor-check live-fetch captured.,84,Travis County. MyEyeDr/Acuity/Keplr/AEG less aggressive than DSO consolidation in dental — solo $700K-$1.2M OD-owned practices still under-targeted.,56,C_watch,"L1 25/L2 71/L3 60/L4 84 → final 56, tier C_watch (conf low).",,low,0.62,medical_eye_care
Vision Source Telfair (Signature Eye Care),Vision Source Telfair,Sugar Land,Harris,77478,520 Highway 6 Suite 300,(281) 243-2020,https://visionsource-telfair.com/,Dr. John Dang or Dr. Jenny Mak,43,license_tenure_proxy,12,12,2,,False,[],25,"Dr. John Dang or Dr. Jenny Mak, est. age ~43 (license-tenure proxy); 12-yr practice tenure.",69,12-yr mixed practice; 2 OD(s); optical attached=true. Annual exam + contact lens recurring revenue.,60,2 coasting tell(s). Successor-check live-fetch not completed.,84,Harris County. MyEyeDr/Acuity/Keplr/AEG less aggressive than DSO consolidation in dental — solo $700K-$1.2M OD-owned practices still under-targeted.,55,C_watch,"L1 25/L2 69/L3 60/L4 84 → final 55, tier C_watch (conf low).",,low,0.62,mixed
Brazos Eye Center,,Rosenberg,Fort Bend,77469,6907 Summertime Way #110,(832) 595-3260,https://brazoseyecenter.com/,Dr. Quynh Hoa Le,44,linkedin_grad,11,11,2,6,False,[],25,"Dr. Quynh Hoa Le, est. age ~44 (LinkedIn grad); 11-yr practice tenure.",69,11-yr mixed practice; 2 OD(s); optical attached=true. Annual exam + contact lens recurring revenue.,60,2 coasting tell(s). Successor-check live-fetch not completed.,81,Fort Bend County. MyEyeDr/Acuity/Keplr/AEG less aggressive than DSO consolidation in dental — solo $700K-$1.2M OD-owned practices still under-targeted.,55,C_watch,"L1 25/L2 69/L3 60/L4 81 → final 55, tier C_watch (conf low).",,low,0.62,mixed
Family Eye Health Solutions,,Missouri City,Fort Bend,77459,5201 Hwy 6 Suite 700,(832) 662-3500,https://www.familyeyehealthsolutions.com/,Dr. Jimmy Joseph,,unknown,12,12,1,4,False,[],25,"Dr. Jimmy Joseph, age UNKNOWN; 12-yr practice tenure — license-tenure proxy only.",69,12-yr mixed practice; 1 OD(s); optical attached=true. Annual exam + contact lens recurring revenue.,60,2 coasting tell(s). Successor-check live-fetch not completed.,81,Fort Bend County. MyEyeDr/Acuity/Keplr/AEG less aggressive than DSO consolidation in dental — solo $700K-$1.2M OD-owned practices still under-targeted.,55,C_watch,"L1 25/L2 69/L3 60/L4 81 → final 55, tier C_watch (conf low).",,low,0.5,mixed
Focused Eye Care,,Garland,Dallas,75040,3121 N President George Bush Hwy Ste 101,(972) 495-7772,https://www.focusedeyecare.net/,Dr. Soby Abraham,49,license_tenure_proxy,23,18,2,6,False,[],25,"Dr. Soby Abraham, est. age ~49 (license-tenure proxy); 18-yr practice tenure.",69,18-yr mixed practice; 2 OD(s); optical attached=true. Annual exam + contact lens recurring revenue.,60,2 coasting tell(s). Successor-check live-fetch not completed.,84,Dallas County. MyEyeDr/Acuity/Keplr/AEG less aggressive than DSO consolidation in dental — solo $700K-$1.2M OD-owned practices still under-targeted.,55,C_watch,"L1 25/L2 69/L3 60/L4 84 → final 55, tier C_watch (conf medium).",,medium,0.62,mixed
Great Hills Eye Care,,Austin,Travis,78759,10401 Research Blvd Suite A,(512) 345-2000,https://greathillseyecare.com/,Dr. Andrew (Drew) Provost,47,graduation_year_proxy,14,14,7,,False,[],25,"Dr. Andrew (Drew) Provost, est. age ~47 (graduation_year_proxy); 14-yr practice tenure.",68,14-yr medical_eye_care practice; 7 OD(s); optical attached=true. Annual exam + contact lens recurring revenue.,60,2 coasting tell(s). Successor-check live-fetch captured.,84,Travis County. MyEyeDr/Acuity/Keplr/AEG less aggressive than DSO consolidation in dental — solo $700K-$1.2M OD-owned practices still under-targeted.,55,C_watch,"GATE: succession_or_growth: 4 locations / 7 ODs / 40K patients — platform-rollup target, not micro-acquisition. L1 25/L2 68/L3 60/L4 84 → final 55, tier C_watch (conf high).",,high,0.62,medical_eye_care
Frisco In Focus,,Frisco,Collin,75035,11511 Independence Pkwy Suite 102,(972) 478-0550,https://friscoinfocus.com/,Dr. Kari Clark,49,license_tenure_proxy,9,9,2,5,False,[],19,"Dr. Kari Clark, est. age ~49 (license-tenure proxy); 9-yr practice tenure.",61,9-yr medical_eye_care practice; 2 OD(s); optical attached=true. Annual exam + contact lens recurring revenue.,60,2 coasting tell(s). Successor-check live-fetch not completed.,86,Collin County. MyEyeDr/Acuity/Keplr/AEG less aggressive than DSO consolidation in dental — solo $700K-$1.2M OD-owned practices still under-targeted.,52,C_watch,"L1 19/L2 61/L3 60/L4 86 → final 52, tier C_watch (conf low).",,low,0.62,medical_eye_care
Cedar Park Eye Care,,Cedar Park,Williamson,78613,210 N Lakeline Blvd Suite 100,(512) 643-5820,https://www.cedarparkeyecare.com/,Dr. Dennis Roland McCarty,50,graduation_year_proxy,24,24,1,,False,[],25,"Dr. Dennis Roland McCarty, est. age ~50 (graduation_year_proxy); 24-yr practice tenure.",81,24-yr medical_eye_care practice; 1 OD(s); optical attached=true. Annual exam + contact lens recurring revenue.,42,1 coasting tell(s). Successor-check live-fetch captured.,78,Williamson County. MyEyeDr/Acuity/Keplr/AEG less aggressive than DSO consolidation in dental — solo $700K-$1.2M OD-owned practices still under-targeted.,52,C_watch,"GATE: succession_or_growth: Solo Dr. McCarty ~50, too young (8-15 yr horizon). L1 25/L2 81/L3 42/L4 78 → final 52, tier C_watch (conf high).",,high,0.62,medical_eye_care
Vision Source Cypress,,Cypress,Harris,77433,15103 Mason Rd Suite B9,(832) 653-2631,https://visionsource-cypress.com/,Dr. Megan Stubinski,,unknown,8,8,2,,False,[],19,"Dr. Megan Stubinski, age UNKNOWN; 8-yr practice tenure — license-tenure proxy only.",59,8-yr mixed practice; 2 OD(s); optical attached=true. Annual exam + contact lens recurring revenue.,60,2 coasting tell(s). Successor-check live-fetch not completed.,84,Harris County. MyEyeDr/Acuity/Keplr/AEG less aggressive than DSO consolidation in dental — solo $700K-$1.2M OD-owned practices still under-targeted.,51,C_watch,"L1 19/L2 59/L3 60/L4 84 → final 51, tier C_watch (conf low).",,low,0.5,mixed
"Walnut Vision (Jonathan G. DeShaw, O.D.)",Walnut Vision,Garland,Dallas,75042,2636 W Walnut St #200,(972) 485-0700,https://www.walnutvision.com/,Dr. Glenn G. DeShaw + Dr. Jonathan G. DeShaw,65,license_tenure_proxy,,,2,5,False,[],75,"Dr. Glenn G. DeShaw + Dr. Jonathan G. DeShaw, est. age ~65 (license-tenure proxy); 0-yr practice tenure.",30,Only 0 yrs — fails 5-yr gate.,28,0 coasting tell(s). Successor-check live-fetch captured.,84,Dallas County. MyEyeDr/Acuity/Keplr/AEG less aggressive than DSO consolidation in dental — solo $700K-$1.2M OD-owned practices still under-targeted.,51,C_watch,"L1 75/L2 30/L3 28/L4 84 → final 51, tier C_watch (conf low).",,low,0.5,mixed
Vista Vision Premier Family Eyecare,Vista Vision,San Antonio,Bexar,78232,427 N Loop 1604 W Suite 203,(210) 960-5494,https://www.vistavisionsa.com/,Dr. Toni Racoma,45,biomedical_eng_2003_johns_hopkins_optometry_2007_proxy,19,9,1,,False,[],19,"Dr. Toni Racoma, est. age ~45 (biomedical_eng_2003_johns_hopkins_optometry_2007_proxy); 9-yr practice tenure.",61,9-yr medical_eye_care practice; 1 OD(s); optical attached=true. Annual exam + contact lens recurring revenue.,60,2 coasting tell(s). Successor-check live-fetch not completed.,82,Bexar County. MyEyeDr/Acuity/Keplr/AEG less aggressive than DSO consolidation in dental — solo $700K-$1.2M OD-owned practices still under-targeted.,51,C_watch,"L1 19/L2 61/L3 60/L4 82 → final 51, tier C_watch (conf low).",,low,0.62,medical_eye_care
Mansfield Vision Center LLC,Mansfield Vision Center,Mansfield,Tarrant,76063,990 US 287 Suite 109,(817) 453-4682,https://mansfieldvision.com/,Dr. Kyle Cooke,48,practice_open_2003_proxy_uhco_grad,23,23,2,,False,[],25,"Dr. Kyle Cooke, est. age ~48 (practice_open_2003_proxy_uhco_grad); 23-yr practice tenure.",81,23-yr medical_eye_care practice; 2 OD(s); optical attached=true. Annual exam + contact lens recurring revenue.,28,0 coasting tell(s). Successor-check live-fetch not completed.,84,Tarrant County. MyEyeDr/Acuity/Keplr/AEG less aggressive than DSO consolidation in dental — solo $700K-$1.2M OD-owned practices still under-targeted.,49,C_watch,"L1 25/L2 81/L3 28/L4 84 → final 49, tier C_watch (conf medium).",,medium,0.62,medical_eye_care
Northwest Family Eyecare,NWFEC,San Antonio,Bexar,78238,6450 Northwest Loop 410 Suite 115,(210) 521-2085,https://nwfamilyeyecaresa.com/,Dr. Rosa C. Suarez-Reyna,45,uhco_grad_year_proxy_2006,20,13,1,,False,[],25,"Dr. Rosa C. Suarez-Reyna, est. age ~45 (uhco_grad_year_proxy_2006); 13-yr practice tenure.",71,13-yr medical_eye_care practice; 1 OD(s); optical attached=true. Annual exam + contact lens recurring revenue.,28,0 coasting tell(s). Successor-check live-fetch not completed.,82,Bexar County. MyEyeDr/Acuity/Keplr/AEG less aggressive than DSO consolidation in dental — solo $700K-$1.2M OD-owned practices still under-targeted.,46,C_watch,"L1 25/L2 71/L3 28/L4 82 → final 46, tier C_watch (conf low).",,low,0.62,medical_eye_care
Envision Eye Care,,Houston,Harris,77025,3137 W Holcombe Blvd,(713) 349-9292,https://envision-eye-care.com/,Dr. Giao Nguyen,52,linkedin_grad,27,,1,,False,[],19,"Dr. Giao Nguyen, est. age ~52 (LinkedIn grad); 0-yr practice tenure.",30,Only 0 yrs — fails 5-yr gate.,60,2 coasting tell(s). Successor-check live-fetch not completed.,84,Harris County. MyEyeDr/Acuity/Keplr/AEG less aggressive than DSO consolidation in dental — solo $700K-$1.2M OD-owned practices still under-targeted.,44,C_watch,"GATE: succession_or_growth: Owner ~52, two-party PLLC (Nguyen & Whyte). L1 19/L2 30/L3 60/L4 84 → final 44, tier C_watch (conf high).",,high,0.5,mixed
Houston Family Eyecare,,Humble,Harris,77338,21802 Townsen Blvd W A,(832) 406-2781,https://houstonfamilyeyecare.com/,Dr. Chi Kim Nguyen,,unknown,,,1,,False,[],19,"Dr. Chi Kim Nguyen, age UNKNOWN; 0-yr practice tenure — license-tenure proxy only.",30,Only 0 yrs — fails 5-yr gate.,60,2 coasting tell(s). Successor-check live-fetch not completed.,84,Harris County. MyEyeDr/Acuity/Keplr/AEG less aggressive than DSO consolidation in dental — solo $700K-$1.2M OD-owned practices still under-targeted.,44,C_watch,"GATE: succession_or_growth: Two-party PLLC (Nguyen & Whyte). L1 19/L2 30/L3 60/L4 84 → final 44, tier C_watch (conf high).",,high,0.38,mixed
Pak Family Eye Care,,Austin,Travis,78749,4301 West William Cannon Drive A100,(512) 891-9969,https://www.pakfamilyeyecare.com/,Dr. Peter Pak,,unknown,,,5,,False,[],19,"Dr. Peter Pak, age UNKNOWN; 0-yr practice tenure — license-tenure proxy only.",30,Only 0 yrs — fails 5-yr gate.,60,2 coasting tell(s). Successor-check live-fetch captured.,81,Travis County. MyEyeDr/Acuity/Keplr/AEG less aggressive than DSO consolidation in dental — solo $700K-$1.2M OD-owned practices still under-targeted.,43,C_watch,"GATE: succession_or_growth: Husband-wife co-owners — internal locked. L1 19/L2 30/L3 60/L4 81 → final 43, tier C_watch (conf high).",,high,0.38,mixed
"Pearland Eye Associates, LLC",Pearland Eye Care,Houston,Harris,77075,8498 S Sam Houston Pkwy E Suite 1300,(713) 991-4100,https://pearlandeyecare.com/,Dr. Cuong V. Tran,,unknown,,,1,,False,[],19,"Dr. Cuong V. Tran, age UNKNOWN; 0-yr practice tenure — license-tenure proxy only.",30,Only 0 yrs — fails 5-yr gate.,60,2 coasting tell(s). Successor-check live-fetch not completed.,87,Harris County. MyEyeDr/Acuity/Keplr/AEG less aggressive than DSO consolidation in dental — solo $700K-$1.2M OD-owned practices still under-targeted.,44,D_pass,"L1 19/L2 30/L3 60/L4 87 → final 44, tier D_pass (conf low).",,low,0.38,medical_eye_care
Vision Source Meyer Park (Signature Eye Care),Vision Source Meyer Park,Houston,Harris,77096,9935 S Post Oak Rd,(713) 721-7717,https://visionsource-meyerpark.com/,Dr. Steve Lai,,unknown,,,1,,False,[],19,"Dr. Steve Lai, age UNKNOWN; 0-yr practice tenure — license-tenure proxy only.",30,Only 0 yrs — fails 5-yr gate.,60,2 coasting tell(s). Successor-check live-fetch not completed.,87,Harris County. MyEyeDr/Acuity/Keplr/AEG less aggressive than DSO consolidation in dental — solo $700K-$1.2M OD-owned practices still under-targeted.,44,D_pass,"L1 19/L2 30/L3 60/L4 87 → final 44, tier D_pass (conf low).",,low,0.38,medical_eye_care
Coppell Vision Center,,Coppell,Dallas,75019,541 E Sandy Lake Rd,(972) 393-3937,https://www.coppellvisioncenter.com/,Dr. Alycia Green (Finklea),51,license_tenure_proxy,27,,3,10,False,[],19,"Dr. Alycia Green (Finklea), est. age ~51 (license-tenure proxy); 0-yr practice tenure.",30,Only 0 yrs — fails 5-yr gate.,60,2 coasting tell(s). Successor-check live-fetch not completed.,84,Dallas County. MyEyeDr/Acuity/Keplr/AEG less aggressive than DSO consolidation in dental — solo $700K-$1.2M OD-owned practices still under-targeted.,44,D_pass,"L1 19/L2 30/L3 60/L4 84 → final 44, tier D_pass (conf low).",,low,0.5,mixed
Richardson Eye Associates,,Richardson,Dallas,75080,660 W Campbell Rd Suite 102,(972) 231-3439,https://www.richardsoneyeassociates.com/,Dr. Scott Harris,,unknown,14,,3,8,False,[],19,"Dr. Scott Harris, age UNKNOWN; 0-yr practice tenure — license-tenure proxy only.",30,Only 0 yrs — fails 5-yr gate.,60,2 coasting tell(s). Successor-check live-fetch not completed.,87,Dallas County. MyEyeDr/Acuity/Keplr/AEG less aggressive than DSO consolidation in dental — solo $700K-$1.2M OD-owned practices still under-targeted.,44,D_pass,"L1 19/L2 30/L3 60/L4 87 → final 44, tier D_pass (conf low).",,low,0.38,medical_eye_care
Arlington Vision Source,,Arlington,Tarrant,76010,1334 E Pioneer Pkwy,(817) 461-4453,https://www.arlingtoneyedoctors.com/,Dr. Isaac Schunk (founder/owner),42,optometry_grad_year_proxy_2010,16,,4,,False,[],19,"Dr. Isaac Schunk (founder/owner), est. age ~42 (optometry_grad_year_proxy_2010); 0-yr practice tenure.",30,Only 0 yrs — fails 5-yr gate.,60,2 coasting tell(s). Successor-check live-fetch not completed.,84,Tarrant County. MyEyeDr/Acuity/Keplr/AEG less aggressive than DSO consolidation in dental — solo $700K-$1.2M OD-owned practices still under-targeted.,44,D_pass,"L1 19/L2 30/L3 60/L4 84 → final 44, tier D_pass (conf low).",,low,0.5,medical_eye_care
Sonie Family Eyecare,,Mansfield,Tarrant,76063,213 E Debbie Lane,(817) 477-6684,https://www.sonieeyecare.com/,Dr. Evelyn Ayidu-Omo,50,career_arc_proxy_22yr_total_us_tenure,22,,1,,False,[],19,"Dr. Evelyn Ayidu-Omo, est. age ~50 (career_arc_proxy_22yr_total_us_tenure); 0-yr practice tenure.",30,Only 0 yrs — fails 5-yr gate.,60,2 coasting tell(s). Successor-check live-fetch not completed.,84,Tarrant County. MyEyeDr/Acuity/Keplr/AEG less aggressive than DSO consolidation in dental — solo $700K-$1.2M OD-owned practices still under-targeted.,44,D_pass,"L1 19/L2 30/L3 60/L4 84 → final 44, tier D_pass (conf low).",,low,0.5,medical_eye_care
The Eye Clinic,,Helotes,Bexar,78023,11864 Bandera Rd,(210) 695-2222,https://www.theeyeclinic-online.com/,Dr. Celeste Acosta,50,uhco_grad_year_proxy_2000,26,,2,,False,[],19,"Dr. Celeste Acosta, est. age ~50 (uhco_grad_year_proxy_2000); 0-yr practice tenure.",30,Only 0 yrs — fails 5-yr gate.,60,2 coasting tell(s). Successor-check live-fetch captured.,82,Bexar County. MyEyeDr/Acuity/Keplr/AEG less aggressive than DSO consolidation in dental — solo $700K-$1.2M OD-owned practices still under-targeted.,44,D_pass,"L1 19/L2 30/L3 60/L4 82 → final 44, tier D_pass (conf low).",,low,0.5,medical_eye_care
Eyes of Texas Vision Care,Eyes of Texas Vision,Austin,Travis,78756,1518 West Koenig Lane,(512) 454-5117,https://eyesoftxaustin.com/,Dr. Fern Yee,,unknown,,,1,,False,[],19,"Dr. Fern Yee, age UNKNOWN; 0-yr practice tenure — license-tenure proxy only.",30,Only 0 yrs — fails 5-yr gate.,60,2 coasting tell(s). Successor-check live-fetch captured.,84,Travis County. MyEyeDr/Acuity/Keplr/AEG less aggressive than DSO consolidation in dental — solo $700K-$1.2M OD-owned practices still under-targeted.,44,D_pass,"L1 19/L2 30/L3 60/L4 84 → final 44, tier D_pass (conf low).",,low,0.38,medical_eye_care
Look + See Vision Care,,Austin,Travis,78704,2007 S 1st St Suite 104,(512) 774-6002,https://lookandseevision.com/,Dr. Tammy Vo,,unknown,,,3,,False,[],19,"Dr. Tammy Vo, age UNKNOWN; 0-yr practice tenure — license-tenure proxy only.",30,Only 0 yrs — fails 5-yr gate.,60,2 coasting tell(s). Successor-check live-fetch captured.,84,Travis County. MyEyeDr/Acuity/Keplr/AEG less aggressive than DSO consolidation in dental — solo $700K-$1.2M OD-owned practices still under-targeted.,44,D_pass,"L1 19/L2 30/L3 60/L4 84 → final 44, tier D_pass (conf low).",,low,0.38,medical_eye_care
Fort Worth Eye Center,,Fort Worth,Tarrant,76123,5329 Sycamore School Rd Ste 113,(817) 489-5065,https://fortwortheyecenter.com/,Dr. Dan Lam,,unknown,,,2,,False,[],19,"Dr. Dan Lam, age UNKNOWN; 0-yr practice tenure — license-tenure proxy only.",30,Only 0 yrs — fails 5-yr gate.,60,2 coasting tell(s). Successor-check live-fetch not completed.,81,Tarrant County. MyEyeDr/Acuity/Keplr/AEG less aggressive than DSO consolidation in dental — solo $700K-$1.2M OD-owned practices still under-targeted.,43,D_pass,"L1 19/L2 30/L3 60/L4 81 → final 43, tier D_pass (conf low).",,low,0.38,mixed
Lifetime Family Eye Care,,San Antonio,Bexar,78250,9310 Guilbeau Rd,(210) 982-3225,https://saeyecare.com/,Dr. Urchna Morar,39,nova_southeastern_grad_2012_proxy,14,,2,,False,[],19,"Dr. Urchna Morar, est. age ~39 (nova_southeastern_grad_2012_proxy); 0-yr practice tenure.",30,Only 0 yrs — fails 5-yr gate.,60,2 coasting tell(s). Successor-check live-fetch not completed.,79,Bexar County. MyEyeDr/Acuity/Keplr/AEG less aggressive than DSO consolidation in dental — solo $700K-$1.2M OD-owned practices still under-targeted.,43,D_pass,"L1 19/L2 30/L3 60/L4 79 → final 43, tier D_pass (conf low).",,low,0.5,mixed
Crystal Falls Vision Center,CFVC,Leander,Williamson,78641,3550 Lakeline Blvd Ste 180,(512) 337-4283,https://crystalfallsvisioncenter.com/,Dr. Brad Mathew,44,graduation_year_proxy,12,,1,,False,[],19,"Dr. Brad Mathew, est. age ~44 (graduation_year_proxy); 0-yr practice tenure.",30,Only 0 yrs — fails 5-yr gate.,60,2 coasting tell(s). Successor-check live-fetch captured.,78,Williamson County. MyEyeDr/Acuity/Keplr/AEG less aggressive than DSO consolidation in dental — solo $700K-$1.2M OD-owned practices still under-targeted.,43,D_pass,"L1 19/L2 30/L3 60/L4 78 → final 43, tier D_pass (conf low).",,low,0.5,medical_eye_care
EYES of Cresta Bella,,San Antonio,Bexar,78257,19739 W Interstate 10 #112,(210) 361-7720,https://eyesofcrestabella.com/,Dr. Angela Garza Offoegbu,38,tob_practice_start_2014_proxy_uhco_grad,12,6,1,,False,[],19,"Dr. Angela Garza Offoegbu, est. age ~38 (tob_practice_start_2014_proxy_uhco_grad); 6-yr practice tenure.",61,6-yr medical_eye_care practice; 1 OD(s); optical attached=true. Annual exam + contact lens recurring revenue.,28,0 coasting tell(s). Successor-check live-fetch not completed.,82,Bexar County. MyEyeDr/Acuity/Keplr/AEG less aggressive than DSO consolidation in dental — solo $700K-$1.2M OD-owned practices still under-targeted.,42,D_pass,"L1 19/L2 61/L3 28/L4 82 → final 42, tier D_pass (conf low).",,low,0.62,medical_eye_care
Enhanced Eye Care Texas,EEC,Fort Worth,Tarrant,76123,5325 McPherson Blvd Suite #125,(817) 935-8280,https://www.enhancedeyecaretx.com/,Dr. Hiep Duong,36,optometry_grad_year_proxy_2014,12,,2,,False,[],19,"Dr. Hiep Duong, est. age ~36 (optometry_grad_year_proxy_2014); 0-yr practice tenure.",30,Only 0 yrs — fails 5-yr gate.,28,0 coasting tell(s). Successor-check live-fetch not completed.,84,Tarrant County. MyEyeDr/Acuity/Keplr/AEG less aggressive than DSO consolidation in dental — solo $700K-$1.2M OD-owned practices still under-targeted.,34,D_pass,"L1 19/L2 30/L3 28/L4 84 → final 34, tier D_pass (conf low).",,low,0.5,medical_eye_care
Southwest Family Eye Health Center,,Fort Worth,Tarrant,76104,1300 W Rosedale St Suite B,(817) 885-7951,https://www.swfamilyeye.com/,Dr. Jeremy E. Loy,46,optometry_grad_year_proxy_2005,21,,1,,False,[],19,"Dr. Jeremy E. Loy, est. age ~46 (optometry_grad_year_proxy_2005); 0-yr practice tenure.",30,Only 0 yrs — fails 5-yr gate.,28,0 coasting tell(s). Successor-check live-fetch not completed.,84,Tarrant County. MyEyeDr/Acuity/Keplr/AEG less aggressive than DSO consolidation in dental — solo $700K-$1.2M OD-owned practices still under-targeted.,34,D_pass,"L1 19/L2 30/L3 28/L4 84 → final 34, tier D_pass (conf low).",,low,0.5,medical_eye_care
"Eyes on Texas Vision Care, PLLC",Eyes on Texas Vision Care,San Antonio,Bexar,,Blanco Road,(210) 826-1720,https://eyesontxvision.com/,Dr. Marc Kessner,,unknown,,,1,,False,[],19,"Dr. Marc Kessner, age UNKNOWN; 0-yr practice tenure — license-tenure proxy only.",30,Only 0 yrs — fails 5-yr gate.,28,0 coasting tell(s). Successor-check live-fetch not completed.,82,Bexar County. MyEyeDr/Acuity/Keplr/AEG less aggressive than DSO consolidation in dental — solo $700K-$1.2M OD-owned practices still under-targeted.,34,D_pass,"L1 19/L2 30/L3 28/L4 82 → final 34, tier D_pass (conf low).",,low,0.38,medical_eye_care
Eye Shop on Memorial,Eye Shop (formerly West Houston Eye),Houston,Harris,77079,13130 Memorial Drive,(713) 977-8464,https://www.eyeshophouston.com/,Dr. Linda Rhodes,65,license_tenure_proxy,35,50,4,,False,[],85,"Dr. Linda Rhodes, est. age ~65 (license-tenure proxy); 50-yr practice tenure.",83,50-yr mixed practice; 4 OD(s); optical attached=true. Annual exam + contact lens recurring revenue.,60,2 coasting tell(s). Successor-check live-fetch captured.,84,Harris County. MyEyeDr/Acuity/Keplr/AEG less aggressive than DSO consolidation in dental — solo $700K-$1.2M OD-owned practices still under-targeted.,25,D_pass,"GATE: succession_or_growth: 4 ODs, 2023 relocation — active growth. L1 85/L2 83/L3 60/L4 84 → final 25, tier D_pass (conf high).",,high,0.62,mixed
Eye Site Texas,,Katy,Harris,77494,25242 Kingsland Blvd,(281) 644-2010,https://eyesitetexas.com/,Dr. John O'Neill,50,license_tenure_proxy,25,25,5,,False,[],29,"Dr. John O'Neill, est. age ~50 (license-tenure proxy); 25-yr practice tenure.",76,25-yr mixed practice; 5 OD(s); optical attached=true. Annual exam + contact lens recurring revenue.,60,2 coasting tell(s). Successor-check live-fetch not completed.,84,Harris County. MyEyeDr/Acuity/Keplr/AEG less aggressive than DSO consolidation in dental — solo $700K-$1.2M OD-owned practices still under-targeted.,25,D_pass,"GATE: succession_or_growth: Owner ~50, multi-location, young children — growth mode. L1 29/L2 76/L3 60/L4 84 → final 25, tier D_pass (conf high).",,high,0.62,mixed
River Oaks Optical,,Houston,Harris,77098,2900 Westheimer Rd,(346) 315-4911,https://www.riveroaksoptical.com/,,,unknown,,,,,False,[],19,"owner not identified, age UNKNOWN; 0-yr practice tenure — license-tenure proxy only.",30,Only 0 yrs — fails 5-yr gate.,42,1 coasting tell(s). Successor-check live-fetch not completed.,78,Harris County. MyEyeDr/Acuity/Keplr/AEG less aggressive than DSO consolidation in dental — solo $700K-$1.2M OD-owned practices still under-targeted.,25,D_pass,"GATE: out_of_scope_or_misclassified: Optical-retail boutique with leased OD, not OD-owned practice. L1 19/L2 30/L3 42/L4 78 → final 25, tier D_pass (conf high).",,high,0.25,refraction_only
Better Vision TX,,Cypress,Harris,77429,17814 Spring Cypress Rd #105,(281) 970-3840,https://bettervisiontx.com/,Dr. Naveera Farooque,43,license_tenure_proxy,17,17,4,,False,[],25,"Dr. Naveera Farooque, est. age ~43 (license-tenure proxy); 17-yr practice tenure.",68,17-yr medical_eye_care practice; 4 OD(s); optical attached=true. Annual exam + contact lens recurring revenue.,60,2 coasting tell(s). Successor-check live-fetch not completed.,87,Harris County. MyEyeDr/Acuity/Keplr/AEG less aggressive than DSO consolidation in dental — solo $700K-$1.2M OD-owned practices still under-targeted.,25,D_pass,"GATE: succession_or_growth: Owner ~43, growth-mode multi-location. L1 25/L2 68/L3 60/L4 87 → final 25, tier D_pass (conf high).",,high,0.62,medical_eye_care
Modern Spectacle Eyecare,,Dallas,Dallas,75214,6336 Gaston Ave,(469) 225-9959,https://www.modspectacle.com/,Dr. Stephanie Kim LeSage,40,linkedin_grad,2,2,1,2,False,"[""founded_too_recently_for_thesis""]",19,"Dr. Stephanie Kim LeSage, est. age ~40 (LinkedIn grad); 2-yr practice tenure.",30,Only 2 yrs — fails 5-yr gate.,60,2 coasting tell(s). Successor-check live-fetch not completed.,84,Dallas County. MyEyeDr/Acuity/Keplr/AEG less aggressive than DSO consolidation in dental — solo $700K-$1.2M OD-owned practices still under-targeted.,25,D_pass,"GATE: too_young_under_5_yrs. L1 19/L2 30/L3 60/L4 84 → final 25, tier D_pass (conf high).",,high,0.62,mixed
Clear Eye Care,,Coppell,Dallas,75019,220 South Denton Tap Road Suite 204,(972) 745-8760,https://cleareyecaretx.com/,Dr. Paul Heeg,41,linkedin_grad,16,,6,15,False,"[""multi_location_growth_operator""]",19,"Dr. Paul Heeg, est. age ~41 (LinkedIn grad); 0-yr practice tenure.",30,Only 0 yrs — fails 5-yr gate.,60,2 coasting tell(s). Successor-check live-fetch not completed.,87,Dallas County. MyEyeDr/Acuity/Keplr/AEG less aggressive than DSO consolidation in dental — solo $700K-$1.2M OD-owned practices still under-targeted.,25,D_pass,"GATE: succession_or_growth: Regional growth operator, founder age ~41 + multi-location. L1 19/L2 30/L3 60/L4 87 → final 25, tier D_pass (conf high).",,high,0.5,medical_eye_care
Alamo Eye Institute,,San Antonio,Bexar,78258,18720 Stone Oak Parkway Suite 119,(210) 697-3821,https://www.alamoeyeinstitute.com/,"Dr. Lynnell C. Lowry, MD",59,george_washington_md_1993_proxy,33,,1,,False,[],53,"Dr. Lynnell C. Lowry, MD, est. age ~59 (george_washington_md_1993_proxy); 0-yr practice tenure.",30,Only 0 yrs — fails 5-yr gate.,28,0 coasting tell(s). Successor-check live-fetch not completed.,78,Bexar County. MyEyeDr/Acuity/Keplr/AEG less aggressive than DSO consolidation in dental — solo $700K-$1.2M OD-owned practices still under-targeted.,25,D_pass,"GATE: out_of_scope_or_misclassified: Misclassified — Dr. Lynnell Lowry is MD ophthalmologist (GWU SOM 1993), not OD. L1 53/L2 30/L3 28/L4 78 → final 25, tier D_pass (conf high).",,high,0.5,ophthalmology_practice_NOT_OD
Boerne Vision Center,,Boerne,Kendall,78006,124 E Bandera Road Suite 403,(830) 331-8745,https://boernevisioncenter.com/,Dr. Susan L. Johnson,42,biographical_proxy,14,14,5,,False,[],25,"Dr. Susan L. Johnson, est. age ~42 (biographical_proxy); 14-yr practice tenure.",68,14-yr medical_eye_care practice; 5 OD(s); optical attached=true. Annual exam + contact lens recurring revenue.,60,2 coasting tell(s). Successor-check live-fetch captured.,70,Kendall County. MyEyeDr/Acuity/Keplr/AEG less aggressive than DSO consolidation in dental — solo $700K-$1.2M OD-owned practices still under-targeted.,25,D_pass,"GATE: succession_or_growth: Owner has 3 young children, 14 yrs, growth mode. L1 25/L2 68/L3 60/L4 70 → final 25, tier D_pass (conf high).",,high,0.62,medical_eye_care
Bristol Family Eyecare,,Austin,Travis,78738,14058 Bee Cave Parkway Building D Suite A,(512) 643-9792,https://www.bristolfamilyeyecare.com/,Dr. Dan Bristol,52,graduation_year_proxy,22,22,5,,False,[],25,"Dr. Dan Bristol, est. age ~52 (graduation_year_proxy); 22-yr practice tenure.",78,22-yr medical_eye_care practice; 5 OD(s); optical attached=true. Annual exam + contact lens recurring revenue.,60,2 coasting tell(s). Successor-check live-fetch captured.,84,Travis County. MyEyeDr/Acuity/Keplr/AEG less aggressive than DSO consolidation in dental — solo $700K-$1.2M OD-owned practices still under-targeted.,25,D_pass,"GATE: succession_or_growth: Mid-career owner with young kids, 3 locations, just got biz degree 2022. L1 25/L2 78/L3 60/L4 84 → final 25, tier D_pass (conf high).",,high,0.62,medical_eye_care
Eye Capitol,,Austin,Travis,78702,1144 Airport Blvd Suite 235,(512) 928-5808,https://www.eyecapitol.com/,Dr. Michael Chavez,44,graduation_year_proxy,15,15,1,,False,[],25,"Dr. Michael Chavez, est. age ~44 (graduation_year_proxy); 15-yr practice tenure.",69,15-yr mixed practice; 1 OD(s); optical attached=true. Annual exam + contact lens recurring revenue.,60,2 coasting tell(s). Successor-check live-fetch captured.,81,Travis County. MyEyeDr/Acuity/Keplr/AEG less aggressive than DSO consolidation in dental — solo $700K-$1.2M OD-owned practices still under-targeted.,25,D_pass,"GATE: succession_or_growth: Owner 38-46, build/growth mode. L1 25/L2 69/L3 60/L4 81 → final 25, tier D_pass (conf high).",,high,0.62,mixed
Austin Optometry Group,,Austin,Travis,78757,8105 Shoal Creek Blvd Suite A,(512) 454-4641,https://www.austinoptometrygrp.com/,Dr. Aaron T. Wolf,42,graduation_year_proxy,17,50,2,,False,[],29,"Dr. Aaron T. Wolf, est. age ~42 (graduation_year_proxy); 50-yr practice tenure.",88,50-yr medical_eye_care practice; 2 OD(s); optical attached=true. Annual exam + contact lens recurring revenue.,60,2 coasting tell(s). Successor-check live-fetch captured.,84,Travis County. MyEyeDr/Acuity/Keplr/AEG less aggressive than DSO consolidation in dental — solo $700K-$1.2M OD-owned practices still under-targeted.,25,D_pass,"GATE: succession_or_growth: Spine flagged STRONG A but enrichment found Dr. Wolf is 2nd-gen owner (bought 2009), ~42, KOL/consultant active growth. L1 29/L2 88/L3 60/L4 84 → final 25, tier D_pass (conf high).",,high,0.62,medical_eye_care
Austin Vision Center,,Austin,Travis,78703,2415 Exposition Blvd Suite D,(512) 477-2282,https://austinvisioncenter.com/,Dr. Clay Barnett,42,biographical_proxy,,39,2,,False,[],29,"Dr. Clay Barnett, est. age ~42 (biographical_proxy); 39-yr practice tenure.",88,39-yr medical_eye_care practice; 2 OD(s); optical attached=true. Annual exam + contact lens recurring revenue.,60,2 coasting tell(s). Successor-check live-fetch captured.,84,Travis County. MyEyeDr/Acuity/Keplr/AEG less aggressive than DSO consolidation in dental — solo $700K-$1.2M OD-owned practices still under-targeted.,25,D_pass,"GATE: succession_or_growth: Spine flagged STRONG A but enrichment found Dr. Clay Barnett (multi-practice operator with 3 young kids) — current owner mid-career, not founder. L1 29/L2 88/L3 60/L4 84 → final 25, tier D_pass (conf high).",,high,0.62,medical_eye_care
Round Rock Eyes,,Round Rock,Williamson,78681,481 Sundance Pkwy #100,(512) 255-9995,https://roundrockeyes.com/,Dr. Brett Hamilton,46,graduation_year_proxy,14,14,1,,False,[],25,"Dr. Brett Hamilton, est. age ~46 (graduation_year_proxy); 14-yr practice tenure.",71,14-yr medical_eye_care practice; 1 OD(s); optical attached=true. Annual exam + contact lens recurring revenue.,60,2 coasting tell(s). Successor-check live-fetch captured.,78,Williamson County. MyEyeDr/Acuity/Keplr/AEG less aggressive than DSO consolidation in dental — solo $700K-$1.2M OD-owned practices still under-targeted.,25,D_pass,"GATE: succession_or_growth: Owner 38-46, build/growth mode. L1 25/L2 71/L3 60/L4 78 → final 25, tier D_pass (conf high).",,high,0.62,medical_eye_care
Aspire Vision Care,,Round Rock,Williamson,78681,17261 Smyers Lane Suite 100,(512) 360-8969,https://www.aspirevisioncare.com/,Dr. Nancy Guenthner,,unknown,,,4,,False,[],19,"Dr. Nancy Guenthner, age UNKNOWN; 0-yr practice tenure — license-tenure proxy only.",30,Only 0 yrs — fails 5-yr gate.,60,2 coasting tell(s). Successor-check live-fetch captured.,78,Williamson County. MyEyeDr/Acuity/Keplr/AEG less aggressive than DSO consolidation in dental — solo $700K-$1.2M OD-owned practices still under-targeted.,25,D_pass,"GATE: succession_or_growth: Husband-wife co-owners + 4 ODs + Aspire Vision Training Center build mode. L1 19/L2 30/L3 60/L4 78 → final 25, tier D_pass (conf high).",,high,0.38,medical_eye_care
