legal_name,dba_name,city,county,zip,address,phone,website,owner_name,owner_age_estimate,owner_age_source,owner_tenure_years,years_in_business,provider_count_estimate,employee_count_estimate,is_distressed,distress_reasons,layer1_base_rate,layer1_comment,layer2_sellability,layer2_comment,layer3_behavioral_trigger,layer3_comment,layer4_market_pull,layer4_comment,final_score,final_tier,final_comment,value_add_thesis,confidence,data_completeness
Santhoff Plumbing Company,Santhoff Plumbing,Houston,Harris,,,(713) 665-4997,https://www.santhoffplumbingco.com/,Joe Santhoff,72,biz_history_proxy,52,52,3,16,False,[],70,Joe Santhoff founder ~age 72-78 (1974 founding + ~30 yr at founding = age ~75). Long tenure but family succession already structured — Jason (GM) + James (MP) + Julie (Office) Santhoff are clearly the next generation.,88,"Excellent: 52-yr operation, 14+ named techs + 2 MPs, Santhoff Family Club membership = recurring revenue, 840 Google reviews 4.9-star, multi-trade scope. ≈ $2.5-4M rev band, SBA-financeable mid-shop.",50,"Limited coasting tells — Family Club membership active, Yelp/Google review velocity strong (840 reviews 4.9), 'Request Service' modernized form. Successor check NEGATIVE: live team page fetched 2026-05-16 lists Joe + Jason (GM) + James (MP) + Julie (Office Mgr). NOT a coasting-solo profile.",90,"Houston rollup hot, Santhoff is platform-acquirer sweet-spot size at $2.5-4M rev, premium 5-county Houston metro service area.",72,B_forward,"Joe Santhoff, ~75 (founded Santhoff Plumbing 1974, family-business proxy), runs the company with second-generation children Jason (GM), James (Master Plumber), and Julie (Office Mgr) — verified via live team-page fetch on santhoffplumbingco.com/about-us 2026-05-16. Multi-generation structured family succession is in place; this is NOT the coasting-solo-to-outside-buyer profile. Healthy mid-shop ($2.5-4M rev band), Santhoff Family Club $20/mo membership, 840 Google reviews 4.9-star. B_forward — strong bolt-on candidate for the Mastermind / ETA buyer community but not Gideon-acquire-self.","Mid-shop Houston multi-gen family plumbing operation with strong existing membership program and review base. Forward to ETA / search-fund / Apex-Wrench-platform buyer community as a B-tier bolt-on. Value-add levers: ServiceTitan dispatch migration, $5M+ revenue stretch via geographic expansion into Sugar Land + Katy, recurring revenue conversion from one-time customers.",high,0.8
"Strutton Plumbing Company, Inc.",Strutton Plumbing,Houston,Harris,,,,https://www.struttonplumbing.com/,,70,biz_history_proxy,55,55,2,8,False,[],72,Strutton Plumbing 'third-generation family-owned' since 1971. Current operator age ~60-70.,70,"55-yr operation, mid-shop multi-trade plumbing + new construction + underground utilities, Houston 77074.",55,Successor check NEGATIVE: live website states 'third-generation family-owned business' = internal succession explicit. No coasting-solo thesis.,78,Houston rollup hot.,67,B_forward,"Strutton Plumbing Company, 55-yr-old explicit 3rd-generation family operation in Houston 77074. Internal succession in place. B_forward — bolt-on candidate.",Mid-shop Houston multi-trade plumbing + underground utilities specialty. Forward to ETA/PE community as B-tier bolt-on.,medium,0.55
The Lindsay Company Plumbing,,Cypress,Harris,,,,https://www.lindsayplumbing.com/,,65,biz_history_proxy,44,44,1,8,False,[],65,Lindsay Company since 1982. Owner age ~60-70.,70,"44-yr NW Houston shop, multi-service plumbing + water filtration + gas generator. ≈ $1-2M rev.",55,"Thin web detail — no team page, no membership, no booking visible. Family-owned 1982. Possible coasting profile.",78,"Houston rollup hot, NW Harris baseline.",65,B_forward,"The Lindsay Company Plumbing — 44-yr NW Houston family. Thin online presence, possible coasting. B_forward pending deeper team verification.",NW Houston plumbing modernization candidate. Forward to ETA / PE bolt-on after live team page deep-dive.,low,0.45
Cooper Plumbing,,Houston,Harris,,,,,,,unverified,,,1,3,False,[],50,Unverified.,50,Unverified.,35,Unverified.,75,Houston baseline.,49,C_watch,Cooper Plumbing — unverified candidate; common name. C_watch pending verification.,N/A — unverified.,low,0.2
Nick's Plumbing Services,Nick's Plumbing,Houston,Harris,,,,https://www.nicksplumbing.com/,,60,biz_history_proxy,47,47,3,22,False,[],60,Nick's Plumbing family-owned since 1979. Owner age proxy ~60 from biz history.,88,"Excellent: 47-yr operation, multi-trade plumbing + HVAC + electric (TACLA0012793E + TACLB85298E), Nick's Smart VIP membership program, online booking. ≈ $3-6M rev band.",35,"FEW coasting tells — Nick's Smart VIP membership = active recurring revenue, true online booking, premium Houston Galleria/Bellaire/Memorial service area = high-end clients. Modernized = NOT coasting profile.",92,Houston rollup hot + premium Galleria/Bellaire/Memorial submarket nudge +5.,64,B_forward,"Nick's Plumbing, 47-yr family-owned Houston shop with active VIP membership program, true online booking, multi-trade scope (plumbing+HVAC+electric), premium service area (Galleria/Bellaire/Memorial). $3-6M revenue band. This is NOT a coasting-owner — modernization signals are intact. B_forward — premium platform-acquirer bolt-on candidate for Apex/Wrench/Service Champions.",Premium Houston Galleria/Bellaire/Memorial multi-trade plumbing+HVAC+electric is a platform-acquirer prize. Forward to Apex / Wrench / Service Champions / Sila as a $5-10M sale target.,medium,0.65
Wedgeworth Plumbing,,Houston,Harris,,,,https://wedgeworthplumbing.com/,,55,biz_history_proxy,25,45,2,14,False,[],65,"Wedgeworth Plumbing — current owner Sean (2nd-gen, inherited from Mr & Mrs Wedgeworth per customer testimonial). Age likely 50-60.",75,"Mid-shop Houston (77055 — Spring Branch). 14+ named techs >10 yrs experience each. Multi-trade scope (water heaters, tankless, drain cleaning, hydro-jet, sewer, slab leak, gas, A/C condensate). ≈ $2-3.5M rev band.",50,Successor check NEGATIVE — Sean inherited from Mr & Mrs Wedgeworth (2nd-gen succession already done). Whether Sean has his own successor is unclear but family-succession pattern fires.,85,Houston rollup hot. Spring Branch is ordinary Houston metro submarket.,66,B_forward,Wedgeworth Plumbing — Sean (2nd-gen) inherited from Mr & Mrs Wedgeworth. Mid-shop ($2-3.5M rev) with 14+ long-tenured techs. B_forward — bolt-on candidate.,Mid-shop Houston Spring Branch plumbing with strong technician retention. Forward to ETA / Apex / Wrench platform as bolt-on.,medium,0.6
DYZ Plumbing,,Bellaire,Harris,77401,,,https://dyzplumbing.com/,,50,biz_history_proxy,19,19,1,4,False,[],50,19 yrs experience — owner likely 45-55.,65,"Bellaire/Memorial focus, small shop ≈ $500K-1M rev.",50,Mid coasting tells.,80,Houston Bellaire/Memorial premium +3.,58,C_watch,"DYZ Plumbing — 19 yrs Bellaire shop, owner age too young, C_watch.",N/A — borderline.,low,0.4
David Hicks Plumbing,,Houston,Harris,,,,https://davidhicksplumbing.com/,David Hicks,67,biz_history_proxy,30,74,1,8,False,[],82,"David Hicks is 2nd-generation owner of a 74-year operation (founded by father George Hicks 1952). David's MP license M-8529 is a low-number pre-1990 legacy = 35+ yrs MP tenure. Estimated age ~67 derived from family-business history proxy (George founded 1952, David ~30 yr generational gap = born ~1957-65). NO 3rd-gen Hicks visible. Confidence: medium pending Harris CAD OV65 check on personal residence.",78,"74-yr operation in elite River Oaks/Montrose Houston submarket (77019). Multi-licensed (TX Master Plumber + multiple service registrations 1488, 20904, REG12333, REG13208, 15453, M-8529 = multi-trade scope). 50+ Yelp reviews. SBA-financeable size — 'fully stocked trucks' (plural) + commercial+residential services + leak detection/repipe/tankless = solo-to-mid shop ≈ $1-2M revenue band.",75,"Strong coasting tells: (a) NO membership plan or recurring service agreement visible on davidhicksplumbing.com (fetched 2026-05-16); (b) NO true online booking, only 'Request Service' contact form; (c) NO team/about page with named staff or 3rd-gen Hicks; (d) website style is dated minimalist (Wayback-style 2018+ template); (e) phone-first intake. 74-yr-old shop with no modernization stack = classic disengaged-2nd-gen-owner profile.",88,"Houston is top-3 TX rollup metro for plumbing. Wrench Group, Apex Service Partners, ARS, Roto-Rooter Service Co, Service Champions all active in Houston with $1M+ EBITDA bolt-on bids at 7-12× EBITDA. River Oaks/Montrose 77019 ZIP = older 1920s-1960s housing stock = high recurring repair revenue density. Sub-market nudge +3 for older Houston housing. Plumbing rollup is currently HOT (+9 modifier).",80,A_acquire_self,"David Hicks, ~67 yrs old (2nd-gen owner; father George founded the company in 1952; David's MP license M-8529 is pre-1990 = 35+ yrs MP tenure), runs David Hicks Plumbing out of 2023 Fairview St in Houston's River Oaks/Montrose 77019. 74-year-old family-owned shop. NO 3rd-generation Hicks visible on the website (fetched 2026-05-16) or in BBB profile — the line ends at David. Strong coasting tells: no membership plan, no online booking, no team page, dated website. Premium River Oaks submarket = older housing = strong recurring service base. Houston plumbing rollup is hot (Wrench Group, Apex, ARS all paying premium multiples). A_acquire_self pending Harris CAD OV65 verification.","AI dispatch (ServiceTitan migration), true online booking, recurring service-agreement program (Hicks Family Plan $25-30/mo, targeting River Oaks demographic), modern field-service software, automated review generation, technician hiring funnel + sale-leaseback on Fairview St building (CAD lookup). 74-yr River Oaks customer base = the asset; modernization unlocks 2-3× revenue from existing customers + commands premium multiple on exit. Credible 30-50% EBITDA uplift over 18-24 months.",medium,0.7
Best Plumbing,,Houston,Harris,,,,https://www.bestplumbing.net/,,,unverified,,,,,False,[],50,Unverified.,50,Unverified.,35,Unverified.,75,Houston baseline.,49,C_watch,"Best Plumbing Houston — unverified, common name. C_watch.",N/A.,low,0.2
Southern Plumbing,,Houston,Harris,,,,https://southernplumbing.com/,,55,biz_history_proxy,22,22,1,5,False,[],45,Southern Plumbing 22 yrs. Owner age likely 50-60.,65,"Houston metro shop, ≈ $700K-1.5M rev.",45,Some coasting indicators (small website).,75,Houston baseline.,54,C_watch,Southern Plumbing — 22-yr Houston small-mid shop. C_watch.,N/A — not yet retirement-window.,low,0.35
Sunrise Mechanical Services,,Houston,Harris,,,,,,,unverified,,,,,False,[],50,Unverified — no website found.,50,Unverified.,35,Unverified.,75,Houston baseline.,49,C_watch,"Sunrise Mechanical — no website verified, unverified. D_pass without verification.",N/A.,low,0.15
Tony's Plumbing,,Cypress,Harris,,,(832) 890-8449,https://tonysplumbingtx.com/,,60,biz_history_proxy,38,38,1,3,False,[],70,Tony's Plumbing father-son team. 38+ yrs.,60,Cypress/Katy NW Houston small shop.,50,Successor check NEGATIVE: father-son team.,80,Houston rollup hot.,63,B_forward,Tony's Plumbing — father-son small shop. B_forward.,Small-shop NW Houston multi-gen. Forward.,medium,0.5
DeMarco Plumbing,,Spring,Harris,,,,https://demarco-plumbing.com/,Kevin DeMarco,,unverified,,,1,3,False,[],50,Unverified.,50,Unverified.,45,Unverified.,75,TX baseline.,52,C_watch,Unverified candidate. C_watch pending enrichment.,N/A — unverified.,low,0.2
All in The Family Plumbing,,Tomball,Harris,,,(832) 285-7061,https://allinthefamilyplumbing.com/,,55,license_tenure_proxy,19,19,1,5,False,[],60,RMPL 21138 mid-2000s — owner age ~50-60.,65,8-city NW Houston service area.,50,'In the Family' branding implies succession but no confirmed family successor.,80,Houston rollup hot.,61,B_forward,"All in The Family Plumbing — 19-yr operation, 8-city NW Houston, family branding. C_watch / B_forward.",Mid-tenure NW Houston multi-city. Forward.,low,0.4
Daniels Plumbing,,Tomball,Harris,,,,,,65,biz_history_proxy,40,40,1,5,False,[],70,Daniels Plumbing 40 yrs.,65,NW Houston/Tomball shop.,55,Thin online presence.,80,Houston rollup hot.,66,B_forward,Daniels Plumbing — 40 yrs Tomball/NW Houston. B_forward.,Long-tenured NW Houston small-mid shop. Forward.,low,0.45
ABERLE PLUMBING LLC,,Houston,Harris,77049,13141 KINSMAN,(281) 458-1449,,MARK STEVEN ABERLE,65,license_tenure_proxy,37,37,2,8,False,[],68,Steve Aberle founder 1989 + Mark Aberle MP since 2000 (son).,75,37-yr Houston shop.,45,Successor check NEGATIVE: Steve + Mark Aberle father-son.,80,Houston rollup hot.,65,B_forward,Aberle Plumbing — Steve + Mark father-son. B_forward.,Long-tenured Houston family plumbing. Forward.,medium,0.6
JOHNS PLUMBING INC,,Houston,Harris,77084,14506 CROSS JUNCTION ST,(281) 380-8590,,JOHN P ANSELMO,68,license_tenure_proxy,37,44,1,4,False,[],80,John P. Anselmo (President per CorporationWiki) holds TSBPE M-17559 since 1989 = 37+ yrs MP tenure. Estimated age ~68 (MP'd 1989 at age ~30 = born ~1959). Confidence medium — needs Harris CAD OV65 check on personal residence + LinkedIn cross-check for visible-second-Anselmo. Solo-listed RMP.,65,44-yr operation (since 1982). Single RMP + 'family-owned' brand. Small-shop residential service. NW Harris ZIP 77084 (Bear Creek/Copperfield — ordinary suburban submarket). Estimated 2-4 trucks / 4-6 staff ≈ $500K-1.2M revenue band. Below platform-acquirer sweet spot but in SBA / ETA-searcher range. License clean.,85,EXTREME coasting tells: (a) johnsplumbing-houston.com is a TEMPLATE WEBSITE with literal placeholder text 'Say something interesting about your business here' and 'What's a product or service you'd like to show' — owner has invested ZERO in modernization; (b) no team/about page; (c) no membership plan; (d) no online booking; (e) no SMS dispatch tech; (f) phone-only intake. 44-yr-old shop with template website = the textbook 'disengaged solo owner stopped pushing' profile. 5 strong coasting tells stacked.,82,"Houston is top-3 TX rollup metro. NW Harris (Bear Creek/Copperfield) = ordinary suburban submarket, not premium (no +3 nudge), but Houston metro baseline is 0. Sub-shop size ($500K-1M rev) is below national platform-acquirer (Wrench, Apex) bolt-on minimum but is in independent-sponsor / search-fund SBA-7(a) acquisition sweet spot. Plumbing rollup HOT (+9 modifier) but small-shop modifier slightly reduces L4. Score 82.",78,A_acquire_self,"John P. Anselmo, ~68 yrs old (TSBPE M-17559 since 1989 = 37 yrs MP tenure), is the sole listed RMP at John's Plumbing Inc in Houston (14506 Cross Junction St 77084). 44-year-old family-owned operation. The website johnsplumbing-houston.com fetched 2026-05-16 is a TEMPLATE with literal placeholder text 'Say something interesting about your business here' — owner has effectively stopped marketing investment. No team page, no membership plan, no online booking, no SMS dispatch, no team page = 5+ stacked coasting tells. Single named RMP, no visible Anselmo successor in TSBPE search or LinkedIn. Smaller shop size ($500K-1.2M rev estimated) is below platform-acquirer sweet spot but within ETA-searcher SBA-7(a) sweet spot. A_acquire_self pending Harris CAD OV65 verification + final live team-page fetch confirmation.",John's Plumbing has 44 years of customer relationships in NW Houston (Bear Creek / Copperfield / Cypress fringe) but a literal-template website with unfilled placeholder text. The customer database is the asset; modernization unlocks 2-3× revenue from same customer count. Concrete value-add levers: (a) real website + Local SEO = +50-100% lead flow; (b) Housecall Pro / ServiceTitan migration + true online booking = recover leakage from 'shop around' callers; (c) recurring service-agreement program (Anselmo Family Plan $19-25/mo) = $100-300K incremental ARR; (d) automated review generation; (e) hire one second Journeyman / RMP successor to enable owner exit. Credible 50-100% EBITDA growth over 24 months given the extreme modernization gap.,medium,0.55
PEGASUS PLUMBING & UTILITY SERVICES LLC,,Houston,Harris,77087,3023 GOLFCREST BLVD,(713) 988-6061,,MICHAEL BURL MASSINGILL,50,license_tenure_proxy,14,15,1,5,False,[],45,Massingill MP since 2011 = age 40-55.,70,High-end residential focus Houston.,50,Mid coasting tells.,85,Houston rollup hot.,59,C_watch,"Pegasus Plumbing — Massingill 14-yr MP, not yet retirement window. C_watch.",N/A — too young.,medium,0.55
GILBERT PLUMBING CO LP,,Houston,Harris,77092,4118 SOUTHERLAND RD,(713) 201-2685,,JACK L GILBERT,65,biz_history_proxy,36,88,4,9,False,[],72,Gilbert 4-gen Pat → Jack → Patrick. Jack Tex Tech 1988 grad = age 60.,90,88-yr Houston operation. $8.7M revenue. 9 employees on books.,35,Successor check NEGATIVE: 4-gen Gilbert family.,92,Houston rollup hot.,68,B_forward,Gilbert Plumbing — 4-gen Gilbert family. Platform-scale. B_forward.,Platform-scale Houston multi-gen. Forward.,high,0.7
DOLPHIN PLUMBING,,Houston,Harris,77089,10511 KIRKHILL,(281) 924-4154,,EUSEBIO MUNOZ,68,license_tenure_proxy,33,34,2,4,False,[],75,Eusebio Munoz MP since 1992 + Mario Munoz at company.,65,"SE Harris shop, small-mid.",50,Successor check NEGATIVE: same-surname Munoz on LinkedIn.,80,Houston rollup hot.,66,B_forward,Dolphin Plumbing — Eusebio + Mario Munoz family succession. B_forward.,Houston multi-gen Munoz. Forward.,medium,0.5
PAZ PLUMBING,,South Houston,Harris,77587,,(832) 731-1989,,JORGE ANIBAL DE PAZ,67,license_tenure_proxy,32,32,1,3,False,[],75,Jorge De Paz MP since 1993.,55,South Houston small shop.,50,No website found. Cap confidence.,75,Houston baseline.,62,B_forward,"Paz Plumbing — 32-yr South Houston shop, no website. C_watch.",N/A — thin data.,low,0.3
W MCLAIN PLUMBING LLC,,Pasadena,Harris,77503,2710 PRESTON,(281) 802-4615,,WILLIAM DAVID MCLAIN,72,license_tenure_proxy,40,40,1,3,False,[],80,W McLain MP M-9313 legacy pre-1990.,55,Pasadena Houston metro older housing.,50,No website. Strong age proxy but cap confidence.,75,Houston baseline + Pasadena older housing +3.,64,B_forward,"W McLain Plumbing — legacy MP, Pasadena older housing. C_watch — no website caps to C tier.",N/A — thin data.,low,0.3
THIRD COAST PLUMBING SERVICES LLC,,Pasadena,Harris,77506,,(713) 473-0534,,GREGORIO V MARTINEZ,67,license_tenure_proxy,40,40,1,3,False,[],75,Gregorio Martinez MP M-15152 since 1985.,55,Pasadena older Houston metro.,50,No website. Cap confidence.,75,Houston baseline + Pasadena +3.,62,B_forward,Third Coast Plumbing — long-tenured Pasadena MP. C_watch.,N/A — thin data.,low,0.3
W ELAM PLUMBING COMPANY,,Houston,Harris,77045,,(713) 433-3996,,WESLEY ELAM,72,license_tenure_proxy,40,40,1,3,False,[],75,Wesley Elam MP pre-1990 legacy.,60,South Houston small shop.,40,Successor check NEGATIVE: paired with Elam Plumbing Company (Mack A Elam) = multi-Elam family.,75,Houston baseline.,61,B_forward,W Elam Plumbing — multi-Elam family. B_forward / D — thin.,Multi-Elam family Houston. Forward.,low,0.3
ELAM PLUMBING COMPANY,,Houston,Harris,77051,9019 BRANDON ST,(713) 733-0990,,MACK A ELAM,78,license_tenure_proxy,45,50,1,4,False,[],80,Mack A Elam MP M-5233 legacy pre-1990.,60,South Houston small.,40,Multi-Elam family.,75,Houston baseline.,62,B_forward,Elam Plumbing — Mack A Elam legacy. Multi-Elam family. B_forward / D — thin.,Forward.,low,0.3
FRANCIS PLUMBING AND UTILITY,,Houston,Fort Bend,77053,,(346) 803-1895,,DAVID CARLTON FRANCIS,70,license_tenure_proxy,35,35,1,3,False,[],75,David Francis MP legacy pre-1990.,55,Fort Bend small.,45,No website.,75,Fort Bend Houston metro baseline.,61,B_forward,Francis Plumbing & Utility — long-tenured Fort Bend MP. C_watch — thin data.,N/A — thin.,low,0.3
Dallas Plumbing Company,Dallas Plumbing & AC,Dallas,Dallas,,,,https://dallasplumbing.com/,,65,biz_history_proxy,30,123,5,60,False,[],65,Dallas Plumbing Company 4th-gen ownership over 123-yr history (founded 1903). Current owner age likely 50-70.,90,"Excellent: 123-yr operation (TX's oldest), multi-trade plumbing + AC, very large platform-scale shop. ≈ $10M+ rev.",45,Successor check NEGATIVE: explicit 4-gen family succession. Not coasting-solo profile.,92,Dallas rollup very hot.,69,B_forward,"Dallas Plumbing Company, 123-yr operation, 4-gen family. Already platform-scale ($10M+ rev). Not off-market thesis target. B_forward at best — likely already on Apex/Wrench radar, may already have informal LOIs.",Platform-scale Dallas multi-trade. NOT off-market thesis target — Forward to ETA community only as awareness.,low,0.5
"Public Service Plumbers, Inc.",,Dallas,Dallas,,,,https://publicserviceplumbers.com/,,68,biz_history_proxy,45,67,4,30,False,[],72,Public Service Plumbers 3rd-gen DiFrancesco MP since 1981 = age ~65-70.,90,"Excellent: 67-yr operation, multi-trade plumbing + drain/sewer + AC + heating + electrical + generator, Shield Membership $14.95/mo active recurring revenue, Dallas Lakewood/Lower Greenville 75206.",48,Successor check NEGATIVE: 3rd-gen DiFrancesco explicit. Shield Membership active. Not coasting-solo profile.,92,Dallas rollup very hot + premium Lakewood/Lower Greenville submarket nudge +3.,72,B_forward,"Public Service Plumbers, 67-yr 3rd-gen DiFrancesco family, $5-10M revenue, multi-trade with active Shield Membership program. Premium Dallas submarket. B_forward — premium platform-acquirer bolt-on for Wrench/Apex/Service Champions.",Premium Dallas multi-trade with strong recurring revenue book + 67 yrs brand equity. Forward to Apex / Wrench / Service Champions platforms as $8-15M bolt-on target.,medium,0.65
"Cody & Sons Plumbing, Heating & Air",Cody & Sons,Dallas,Dallas,,,,https://codyandsons.com/,,65,biz_history_proxy,35,57,3,25,False,[],68,Cody & Sons founded 1969 by Bill+Shirley Cody + 3 sons. Currently operating with 'sons' generation.,85,"57-yr operation, multi-trade plumbing + heating + AC + generators + indoor air quality + duct cleaning. MVP membership. Online estimate booking.",45,Successor check NEGATIVE: 'and Sons' in name = explicit succession. Modernized (MVP plan + online).,88,Dallas/Plano hot rollup. ,68,B_forward,Cody & Sons Plumbing — 57-yr 'and Sons' explicit succession family operation. B_forward bolt-on for Wrench/Apex platforms.,Multi-trade Dallas/Plano with active MVP membership + multi-gen family. Forward to ETA / Wrench / Apex as bolt-on.,medium,0.6
Reeves Family Plumbing,,Dallas,Dallas,,,,https://www.reevesfamilyplumbing.com/,,60,biz_history_proxy,25,66,2,12,False,[],60,Reeves Family Plumbing 1960 + woman-owned HUB.,70,Dallas mid-shop.,50,BOOK ONLINE + 'Family' brand. Mid coasting.,88,Dallas rollup hot.,64,B_forward,"Reeves Family Plumbing — 66-yr, woman-owned. B_forward.",Mid-shop Dallas family. Forward.,low,0.4
"Baker Brothers Plumbing, Air & Electric",Baker Brothers,Dallas,Dallas,,,(214) 296-2136,https://bakerbrothersplumbing.com/,,,platform_excluded,,81,,,True,"[""pe_platform_owned_wrench_group_infrastructure_detected""]",0,Platform-excluded.,0,Platform-excluded.,0,Platform-excluded.,0,Platform-excluded.,25,D_pass,Baker Brothers Plumbing — Wrench Group infrastructure detected on website CDN (wg.scene7.com image paths). EXCLUDE as PE platform-owned per filter rules.,N/A — platform-excluded.,high,0.5
My Local Plumber,,Farmers Branch,Dallas,,,,https://mylocalplumber.net/,,60,biz_history_proxy,25,25,1,6,False,[],55,25+ yrs.,65,Farmers Branch N Dallas mid.,50,Some coasting tells.,85,Dallas rollup hot.,60,B_forward,My Local Plumber — 25-yr Farmers Branch family. B_forward.,Mid-shop Dallas family. Forward.,low,0.4
Watermark Plumbing,,Carrollton,Dallas,,,,https://www.watermarkplumbing.com/,,55,biz_history_proxy,21,21,1,4,False,[],50,Watermark Plumbing since 2005.,65,Carrollton small-mid.,45,Mid.,85,Dallas rollup hot.,58,C_watch,Watermark Plumbing — 21-yr Carrollton. C_watch.,N/A — too young.,low,0.4
"Burton's Mechanical, Inc.",,Dallas,Dallas,,,,https://www.burtonsmechanical.com/,,50,biz_history_proxy,18,18,1,5,False,[],45,Burton's Mechanical since 2008.,50,Commercial construction focus — partial exclusion candidate.,35,Mid.,70,Dallas baseline.,47,C_watch,"Burton's Mechanical — commercial construction focus, less residential service. C_watch / borderline-exclude.",N/A.,low,0.4
Barbosa Plumbing & Air Conditioning,Barbosa Mechanical,Carrollton,Dallas,,,,https://www.barbosamechanical.com/,,65,biz_history_proxy,46,46,1,6,False,[],60,Barbosa Mechanical 46+ yrs.,65,Carrollton/Farmers Branch.,50,Mid.,85,Dallas rollup hot.,62,B_forward,Barbosa Plumbing — 46-yr Carrollton/Farmers Branch. B_forward — needs deeper verification.,Long-tenured Dallas family. Forward.,low,0.35
Legacy Plumbing,,Frisco,Collin,,,,https://legacyplumbing.net/,Theron Young,55,license_tenure_proxy,20,20,1,12,False,[],45,Theron Young M-37588 (~2005) = age 50-60.,80,Legacy Gold Plan + 2 locations + online booking.,40,Modernized = low coasting.,90,Dallas/Frisco rollup very hot.,59,C_watch,Legacy Plumbing — too young + modernized. C_watch.,N/A — owner not retirement-window.,medium,0.55
Hackler Plumbing,,McKinney,Collin,,,,https://hacklerplumbingmckinney.com/,,50,license_tenure_proxy,16,16,1,5,False,[],45,Brad Hackler M-39169 (~2010).,65,McKinney small-mid.,50,Mid.,88,Collin County rollup hot.,58,C_watch,Hackler Plumbing — owner too young. C_watch.,N/A.,medium,0.5
Smith and Son Plumbing and Backflow,Smith and Son Plumbing,McKinney,Collin,,,,https://smithandsonplumbing.com/,,70,biz_history_proxy,55,55,2,8,False,[],78,Smith and Son Plumbing 3rd-gen since 1970.,80,McKinney + backflow recurring revenue.,40,Successor check NEGATIVE: 3rd-gen.,90,Collin rollup hot.,69,B_forward,Smith and Son — 3-gen McKinney. B_forward.,McKinney multi-gen + backflow recurring. Forward.,medium,0.6
O'Bryan Plumbing Services,,Allen,Collin,,,,https://obryanplumbingservices.com/,,55,biz_history_proxy,25,44,1,10,False,[],55,William O'Bryan 2nd-gen.,75,"Allen + Plano 2 locations, O'Bryan Family Plan, online booking.",40,Modernized = low coasting.,90,Collin rollup hot.,61,B_forward,"O'Bryan Plumbing — 2nd-gen William, modernized. B_forward.",Allen/Plano family. Forward.,medium,0.65
Kenny Bunch Plumbing,,Wylie,Collin,,,,https://kennybunchplumbing.com/,Kenny Bunch,60,biz_history_proxy,25,25,1,5,False,[],65,Kenny Bunch 25 yrs.,65,Wylie/Plano.,50,"No membership, no online booking — mid coasting.",88,Collin/Dallas rollup hot.,64,B_forward,Kenny Bunch Plumbing — 25-yr Wylie. B_forward.,N Dallas Collin small-mid. Forward.,low,0.45
FRANK SMITH PLUMBING,,Dallas,Dallas,75208,214 W CLARENDON DR,(214) 912-2768,,FRANK EDWARD SMITH,70,license_tenure_proxy,37,37,1,3,False,[],78,Frank E Smith MP M-16856 since 1988 = age ~70.,60,Oak Cliff Dallas 75208 small shop.,50,Successor check NEGATIVE: Frank M Jr Smith = 2nd-gen succession.,88,Dallas rollup hot + Oak Cliff older housing +3.,67,B_forward,Frank Smith Plumbing — 2nd-gen Frank Jr. B_forward.,Oak Cliff Dallas family. Forward.,medium,0.5
IC PLUMBING LLC,,Carrollton,Dallas,75006,1800 E BELTLINE RD,(214) 223-5399,,TERRY LYNN STOKES,70,license_tenure_proxy,39,39,1,3,False,[],80,Terry Stokes MP M-15811 since 1986.,60,Carrollton small.,50,No website. Cap confidence.,85,Dallas rollup hot.,67,B_forward,"IC Plumbing — long-tenured Carrollton MP, no website. C_watch.",N/A — thin.,low,0.3
RIDDELL PLUMBING INC,,Mesquite,Dallas,75149,,(972) 682-4860,,RONALD SCOTT RIDDELL,70,license_tenure_proxy,40,40,3,30,False,[],78,Scott Riddell MP M-15275 since 1985.,80,"Mesquite. 160 employees, 60 trucks per ZoomInfo = $20M+ rev. TOO LARGE for off-market thesis.",35,Successor check unclear but size = platform-acquirer radar already.,88,Dallas rollup hot.,67,B_forward,Riddell Plumbing — 160 emp / 60 trucks = $20M+ rev. Platform-scale. NOT off-market thesis. D_pass (too-large filter).,Too large — already on platform radar.,high,0.65
AH MECHANICAL CONTRACTORS LLC,,Dallas,Dallas,75235,,(214) 236-2215,,ALFRED HERNANDEZ,60,license_tenure_proxy,20,20,1,3,False,[],65,Alfred Hernandez M-37502 since 2005.,55,Dallas Love Field small.,50,No website.,80,Dallas baseline.,60,B_forward,AH Mechanical Contractors — 20-yr Dallas small. C_watch.,N/A — thin.,low,0.3
COLDWATER PLUMBING SERVICES INC,,Mesquite,Dallas,75150,15330 LBJ FREEWAY SUITE 206,(972) 279-1128,,RUDOLFO NUNEZ,58,license_tenure_proxy,19,19,1,3,False,[],60,Rudolfo Nunez M-37625 since 2006.,55,Mesquite small.,50,No website.,80,Dallas baseline.,59,C_watch,Coldwater Plumbing — 19-yr Mesquite small. C_watch.,N/A — thin + young.,low,0.3
RON STANLEY & SONS PLUMBING INC,,Dallas,Dallas,75215,,(214) 426-2252,,RONALD LEE STANLEY,75,license_tenure_proxy,45,50,1,5,False,[],80,Ronald Stanley M-12045 legacy pre-1990.,60,Dallas '& SONS' name = succession.,40,Successor check NEGATIVE: '& SONS'.,80,Dallas rollup hot.,63,B_forward,Ron Stanley & Sons Plumbing — '& SONS' explicit. B_forward / D — thin data.,Forward.,low,0.3
PELAYO PLUMBING,,Sachse,Dallas,75048,5250 HWY 78 STE 750-114,(214) 315-7672,,MICHAEL C PELAYO,58,license_tenure_proxy,22,22,1,3,False,[],60,Michael Pelayo M-36676 since 2003.,55,Sachse small.,50,No website.,80,Dallas baseline.,59,C_watch,Pelayo Plumbing — 22-yr Sachse small. C_watch.,N/A — thin.,low,0.3
ON TARGET MECHANICAL LLC,,Rowlett,Dallas,75089,,(214) 676-2941,,JAMES S BRINKLEY,67,license_tenure_proxy,37,37,1,3,False,[],75,James Brinkley M-16773 since 1988.,55,Rowlett small.,50,No website.,80,Dallas baseline.,63,B_forward,"On Target Mechanical — long-tenured Rowlett MP, no website. C_watch.",N/A — thin.,low,0.3
Lasiter and Lasiter Plumbing,Lasiter & Lasiter,Fort Worth,Tarrant,,,,https://lasiter.com/,,70,license_tenure_proxy,40,52,2,10,False,[],80,"David Lasiter MP M-8331 = pre-1990 legacy = 35+ yrs MP tenure, age ~70.",75,"52-yr operation since 1974, multi-service residential plumbing, Annual Maintenance Program + Lasiter Loyalty Plan recurring revenue. ≈ $1.5-3M rev band. SBA-financeable.",60,"Mixed: membership program active (positive for L2), but 'and Lasiter' family-name doubled implies internal partnership/succession (negative for L3 coasting-solo thesis). Live team-page fetch found only David Lasiter named.",85,Fort Worth Tarrant rollup hot. ,74,B_forward,Lasiter and Lasiter Plumbing — David Lasiter MP M-8331 pre-1990 legacy. Family-name doubled in legal name implies internal partnership/succession. 52-yr operation in Fort Worth. B_forward — needs deep-dive on second-Lasiter identity to confirm whether this is family succession (B) or coasting-solo-with-marketing-name (A).,Long-tenured Fort Worth multi-service plumbing with active Lasiter Loyalty Plan. Forward to ETA/Wrench bolt-on community.,medium,0.55
Master Repair Plumbing,,Fort Worth,Tarrant,,,,https://www.masterrepairplumbing.com/,,60,biz_history_proxy,42,42,1,6,False,[],60,Master Repair Plumbing since 1983.,70,Fort Worth.,50,Online scheduling + 24/7 = modernized.,88,Tarrant rollup hot.,64,B_forward,"Master Repair Plumbing — 42-yr Fort Worth, modernized. B_forward.",Long-tenured Fort Worth. Forward.,low,0.4
Trusted Plumbing & Leak Detection,,Fort Worth,Tarrant,,,,https://www.trustedplumbingfw.com/,,55,biz_history_proxy,20,20,1,5,False,[],55,Trusted Plumbing 20+ yrs.,65,Fort Worth.,45,Successor check NEGATIVE: husband+wife+son+uncle/aunt operating team = explicit family.,88,Tarrant rollup hot.,59,C_watch,Trusted Plumbing — Fort Worth family team. B_forward.,Forward.,low,0.4
Howze Plumbing,,Fort Worth,Tarrant,,,,https://www.howzeplumbing.com/,,55,biz_history_proxy,25,25,1,5,False,[],55,Howze Plumbing 25+ yrs since 1995.,65,Fort Worth. Peace of Mind Membership.,50,Mid.,88,Tarrant rollup hot.,61,B_forward,Howze Plumbing — Fort Worth 30 yrs. B_forward.,Forward.,low,0.4
Ace Plumbing,,Fort Worth,Tarrant,,,,https://www.aceplumbingftwtx.com/,,63,biz_history_proxy,36,36,1,6,False,[],70,Toni Cryer President since 1990 (36 yrs). Age proxy ~63.,60,"36-yr Fort Worth operation, small-mid shop. Tunneling + leak + drain specialty. ≈ $500K-1.2M rev. SBA-financeable but on small end.",75,"Strong coasting tells: no membership plan, request-callback only (no true booking), thin online presence, no team page detail. 30+ yr operation with thin web presence = classic coasting indicator.",75,Fort Worth Tarrant rollup hot. Lake Worth (76114) = older Tarrant housing stock +3 nudge.,70,B_forward,"Ace Repair Plumbing — Toni Cryer President since 1990 (36 yrs, age ~63). Fort Worth 76114 (Lake Worth — older Tarrant housing). Solo woman-led operation, no successor visible. Strong coasting tells (no membership, no online booking, thin web). Small shop. B_forward — promote to A_acquire_self contingent on Tarrant CAD OV65 + live team-page deep fetch.",Long-tenured Fort Worth Lake Worth plumbing with thin online presence + no membership program = AI dispatch + recurring service + modernization thesis. Small-shop SBA-7(a) / ETA-searcher candidate.,low,0.45
Double L Plumbing,,Fort Worth,Tarrant,,,,https://doublelplumbingservice.com/,,55,biz_history_proxy,15,15,1,4,False,[],50,Double L Plumbing.,60,Tarrant small-mid.,50,Mid.,88,Tarrant rollup hot.,58,C_watch,Double L Plumbing — Fort Worth Tarrant family. B_forward.,Forward.,low,0.4
Curly's Plumbing Inc.,Curly's Plumbing,Fort Worth,Tarrant,,,,https://www.curlysplumbing.com/,,55,biz_history_proxy,15,15,1,4,False,[],50,Curly's Plumbing.,60,Tarrant small.,50,Mid.,88,Tarrant rollup hot.,58,C_watch,Curly's Plumbing — Fort Worth family+veteran. B_forward.,Forward.,low,0.4
FB Plumbing (Fischer and Boone),FB Plumbing,Fort Worth,Tarrant,,,,https://fbplumbingdfw.com/,,55,biz_history_proxy,15,15,1,4,False,[],50,FB Plumbing.,60,DFW small.,50,Mid.,88,Tarrant rollup hot.,58,C_watch,FB Plumbing — DFW Fischer+Boone. B_forward.,Forward.,low,0.4
RILEY PLUMBING & MECHANICAL,,Fort Worth,Tarrant,76135,6704 AZLE AVENUE,(817) 237-8104,,ROBERT FRANKLIN RILEY,70,license_tenure_proxy,33,33,1,5,False,[],78,Robert Riley MP M-18265 since 1992 + MEDGAS endorsement.,65,NW Fort Worth Lake Worth older housing.,50,No website. Cap confidence.,90,Tarrant rollup hot + Lake Worth older +3.,68,B_forward,Riley Plumbing & Mechanical — long-tenured NW Fort Worth MP + MEDGAS. C_watch.,N/A — thin data.,low,0.3
REED PLUMBING INC,,Kennedale,Tarrant,76060,,(817) 822-5260,,BARTON N REED,75,license_tenure_proxy,39,37,2,5,False,[],78,Reed family multi-gen.,60,Kennedale.,50,Successor check NEGATIVE: David A Reed → Bart + Robert Reed = multi-gen.,90,Tarrant rollup hot.,67,B_forward,Reed Plumbing — multi-Reed family. B_forward.,Forward.,medium,0.5
DIAMOND PLUMBING INDUSTRIES INC,,Crowley,Tarrant,76036,,(817) 925-4347,,ECTOR CANTU GOMEZ,60,license_tenure_proxy,23,23,1,3,False,[],60,Ector Gomez M-36171 since 2002.,55,Crowley small.,50,No website.,80,Tarrant baseline.,59,C_watch,Diamond Plumbing Industries — Crowley 23-yr MP. C_watch.,N/A — thin.,low,0.3
TRI DAL LLC & AFFILIATES,,Southlake,Tarrant,76092,540 COMMERCE ST,(817) 319-5141,,EDDIE SHAY THOMAS,55,license_tenure_proxy,17,17,1,4,False,[],55,Eddie Shay Thomas M-38937 since 2009.,60,Southlake premium NE Tarrant.,50,Mid.,92,Tarrant rollup hot + Southlake premium +5.,60,B_forward,Tri Dal Southlake — premium NE Tarrant 17-yr MP. C_watch.,N/A — too young.,low,0.3
Beyer Plumbing Services,Beyer Plumbing,San Antonio,Bexar,,,,https://beyerplumbing.com/,,55,biz_history_proxy,36,36,4,30,False,[],50,Beyer Plumbing since 1990. Owner age likely 50-65.,88,Large SA + 30+ cities. Plumbing Plan recurring.,35,Modernized intake.,88,SA rollup hot.,61,B_forward,Beyer Plumbing — 36-yr large SA family operation. Mid-large platform-acquirer target. B_forward.,Large SA multi-area. Forward to PE/ETA.,medium,0.6
Anchor Plumbing Services,Anchor Plumbing,San Antonio,Bexar,,,,https://anchorplumbingservices.com/,,45,biz_history_proxy,10,10,1,6,False,[],40,Anchor Plumbing since 2016.,75,SA mid. Membership $19.95/mo.,35,Modernized = low coasting.,85,SA rollup hot.,54,C_watch,"Anchor Plumbing — 10-yr SA, modernized, owner too young. D_pass (under 5-yr-band/10-yr-young).",N/A — too young.,medium,0.55
"Chavarria's Plumbing of SA, Inc.",Chavarria's Plumbing,San Antonio,Bexar,,,,https://chavarriasplumbingsa.com/,,50,biz_history_proxy,22,22,1,5,False,[],50,Chavarria Fernando Jr (2nd-gen from father's Laredo biz 1981).,60,SA Stone Oak.,50,Successor check unclear but he is 2nd-gen.,85,SA rollup hot.,58,C_watch,Chavarria's Plumbing — Fernando Jr 2nd-gen Stone Oak SA. B_forward.,Forward.,medium,0.5
American Auger Plumbing,,San Antonio,Bexar,,,,https://americanaugerplumbing.com/,,55,biz_history_proxy,30,30,1,4,False,[],50,American Auger 30+ yrs combined experience.,65,SA Bexar.,50,Jobber online + BBB cert = modernized.,85,SA rollup hot.,59,C_watch,American Auger Plumbing — SA Bexar family. B_forward.,Forward.,low,0.4
S&S Plumbing,,San Antonio,Bexar,,,,https://www.ss-plumbing.com/,Steven Stanush,50,license_tenure_proxy,20,20,1,4,False,[],45,Steven Stanush M-36596.,60,SA. 20 yrs.,50,Mid.,85,SA rollup hot.,56,C_watch,S&S Plumbing — 20-yr SA MP. C_watch.,N/A — too young.,medium,0.5
J.C. Enriquez and Son Plumbing,J.C. Enriquez Plumbing,San Antonio,Bexar,,,,https://jcenriquezplumbing.com/,,78,biz_history_proxy,58,58,3,12,False,[],75,Joe Enriquez Sr (founder 1968) ~age 78. Joe Jr. + Joe III also active.,80,"58-yr SA operation, multi-trade plumbing + HVAC + remodeling + water restoration, Maintenance Plan recurring, San Antonio 78249.",40,Successor check NEGATIVE: 3-gen Enriquez explicit (Sr + Jr + III). Strong family succession. Not coasting-solo.,85,San Antonio rollup hot. ,67,B_forward,J.C. Enriquez and Son — 3-gen Enriquez family operation since 1968. B_forward.,Long-tenured SA multi-trade with active maintenance plan. Forward to ETA/PE bolt-on community.,high,0.75
210 Plumbing,,San Antonio,Bexar,,,,https://www.210plumber.com,Russell Walker,75,biz_history_proxy,49,49,2,5,False,[],80,Russell Walker owner since 1977. Steve Walker brother MP. Russell age ~75.,60,"49-yr SA shop, small-mid scale 3-5 trucks, drain camera + water softeners + leak detection. ≈ $700K-1.5M rev.",50,"Mixed: extensive Walker family in business (brother Steve, sister Jacquelyn, daughter Brandi as apprentice) = INTERNAL SUCCESSION IN PLACE (daughter on plumber track). No online booking + no membership = strong coasting tells but offset by family-succession.",80,San Antonio rollup hot.,66,B_forward,"210 Plumbing — Walker family multi-gen (Russell + brother Steve + sister Jacquelyn + daughter Brandi as apprentice). Strong coasting tells (no online booking, no membership, phone-only) but family succession via daughter. B_forward.",SA multi-gen Walker family plumbing with thin tech stack. Forward to ETA/PE bolt-on community.,high,0.7
Will's Plumbing & Testing Service,Will's Plumbing,San Antonio,Bexar,,,,https://willsplumbing.com/,,55,biz_history_proxy,25,25,1,6,False,[],50,Will's Plumbing 24/7.,70,SA + backflow recurring.,50,Mid.,85,SA rollup hot.,60,B_forward,Will's Plumbing & Testing — SA backflow recurring. B_forward.,SA family backflow. Forward.,low,0.4
Juan's Plumbing Services,,San Antonio,Bexar,,,,,Juan Lopez,55,biz_history_proxy,15,15,1,2,False,[],50,Juan Lopez SA.,50,Small.,50,Small + no website verified.,80,SA baseline.,54,C_watch,Juan's Plumbing — small SA RMP. C_watch.,N/A — too small.,low,0.3
J.R.'s Plumbing,,San Antonio,Bexar,,,,https://www.jrsplumbing.net/,,67,biz_history_proxy,46,46,1,5,False,[],70,JR's Plumbing 1980 woman-owned. Owner age 60+.,60,SA + Boerne small-mid.,60,"Strong coasting tells: no membership, no online booking, phone-only intake — 46 yrs of inertia.",80,SA rollup hot.,66,B_forward,JR's Plumbing — 46-yr SA woman-owned family. Strong coasting tells. B_forward — promote to A pending Bexar CAD OV65 + live team page.,Long-tenured SA woman-owned with thin web = strong AI/ops thesis.,low,0.4
HERNANDEZ PLUMBING & SEWER INC,,San Antonio,Bexar,78228,2747 BENRUS,(210) 912-5119,,ANTONIO S HERNANDEZ,50,license_tenure_proxy,16,16,1,5,False,[],55,Antonio Hernandez M-39327 since 2009 + MEDGAS/MRF.,60,"SA west — COMMERCIAL NEW CONSTRUCTION focus per BuildZoom (628 permitted projects, retail/restaurant/office/hotel/municipal). FILTER: pure new-construction excluded per skill rules.",50,N/A — filtered.,85,SA rollup hot.,59,C_watch,Hernandez Plumbing & Sewer — pure commercial new-construction focus per BuildZoom (628 commercial permits). EXCLUDE per filter. D_pass.,N/A — filtered out (pure new construction).,medium,0.5
ALAMO PLUMBING A/C & HEAT LLC,,San Antonio,Bexar,78253,12810 OAK PASS,(210) 548-1113,,SAMUEL L LONGORIA,60,license_tenure_proxy,22,22,1,6,False,[],65,Samuel Longoria M-36584 since 2003.,75,"Multi-trade plumbing+AC+heat, SA NW 78253.",50,BuildZoom top 8% but no team detail.,88,SA rollup hot.,66,B_forward,Alamo Plumbing AC & Heat — Longoria 22-yr SA multi-trade. B_forward.,Forward.,medium,0.55
RUTKOWSKI PLUMBING,,Helotes,Bexar,78023,,(210) 695-3276,,CARL WAYNE RUTKOWSKI,70,license_tenure_proxy,39,39,2,5,False,[],80,Carl Rutkowski M-16201 since 1986 + 2 sons Matt + Luke.,65,Helotes premium NW Bexar.,50,Successor check NEGATIVE: 2 sons including Luke as plumber.,88,SA rollup hot + Helotes premium +3.,68,B_forward,Rutkowski Plumbing — Carl 39-yr + sons. B_forward.,Helotes SA premium family. Forward.,high,0.7
J & M PLUMBING (J & M ORTIZ INC DBA),J & M Plumbing,San Antonio,Bexar,78224,,(210) 921-0668,,JESSE A ORTIZ,65,license_tenure_proxy,32,32,1,3,False,[],75,Jesse Ortiz M-18468 since 1993.,60,SA south 78224.,50,No website. Cap.,80,SA baseline.,64,B_forward,"J&M Plumbing (Ortiz) — 32-yr SA MP, no website. C_watch.",N/A — thin.,low,0.3
CAROLINA'S PLUMBING SERVICES,,San Antonio,Bexar,,,,,CAROLINA ADEL MARTINEZ,40,license_tenure_proxy,8,8,1,2,False,[],35,Carolina Martinez M-42230 since 2017 (8 yrs). Too young.,50,Hard gate: 8 yrs near boundary; depth thin.,35,Mid.,80,SA baseline.,46,C_watch,"Carolina's Plumbing — 8-yr SA MP, owner too young. D_pass (5-yr-gate marginal, age too young).",N/A — too young.,low,0.3
SWINGING D CONSTRUCTION LLC,,San Antonio,Bexar,78261,,(210) 286-4056,,PATRICK NICHOLAS DENNIS,58,license_tenure_proxy,20,20,1,4,False,[],60,Patrick Dennis M-37493 since 2005.,55,SA premium 78261 Stone Oak edge.,50,Construction-leaning — verify residential mix.,88,SA rollup hot + premium +3.,60,B_forward,Swinging D Construction — 20-yr SA premium. C_watch — construction-leaning needs filter check.,N/A — borderline.,low,0.3
"Austin Plumbing, Heating, Air & Electric",Team Austin,Austin,Travis,,,,https://teamaustin.com/,,68,biz_history_proxy,35,92,6,40,False,[],75,Austin Plumbing (Team Austin) 3rd-gen Smith. Eric Smith President. Son Austin already on team.,88,"92-yr operation, multi-trade plumbing + HVAC + electric + water well + air duct + water conditioning. Very large. ≈ $5-15M rev. Platform-scale.",35,Successor check NEGATIVE: 3rd-gen Smith with son Austin already in role. Explicit succession.,92,Austin rollup very hot.,69,B_forward,Team Austin — 92-yr 3-gen Smith multi-trade Austin platform-scale. Not off-market thesis target. B_forward at best — likely already on Apex/Wrench radar.,Platform-scale Austin multi-trade. Forward to ETA community as awareness only.,high,0.7
Johnny Rooter Plumbing,Johnny Rooter,Austin,Travis,,,,https://johnnyrooter.com,,55,biz_history_proxy,33,33,1,6,False,[],60,Johnny Rooter 2nd-gen Austin since 1993. CAUTION: 'Rooter' name — needs Roto-Rooter franchise verification.,60,Austin.,50,Successor check NEGATIVE (2nd-gen).,90,Austin rollup very hot.,62,B_forward,Johnny Rooter — 2nd-gen Austin. NEEDS Roto-Rooter franchise filter verification. B_forward.,Forward — verify franchise status first.,low,0.45
Mustang Plumbing,,Round Rock,Williamson,,,,https://mustangplumbingrr.com/,Todd Cox,63,license_tenure_proxy,43,27,1,8,False,[],75,Todd Cox MP since 1983 (youngest MP in TX history at 18-22) = age 61-65. Sons in business (TX State University grads).,70,27-yr Round Rock operation. Residential + new construction + commercial. Schedule a Call form.,50,Successor check NEGATIVE: 2 sons in business (mgmt + construction science backgrounds). Family succession path explicit.,80,Austin/Round Rock rollup very hot. ,67,B_forward,Mustang Plumbing — Todd Cox + 2 sons family operation. B_forward.,Round Rock multi-gen plumbing with sons in management track. Forward to ETA/Apex bolt-on.,medium,0.65
The Plumbinator,,Round Rock,Williamson,,,,https://www.plumbinatoraustin.com/,Mickey (Master Plumber),50,biz_history_proxy,17,17,1,4,False,[],45,Plumbinator 2009. Husband+wife.,60,Round Rock small.,50,Mid.,90,Austin/Round Rock rollup very hot.,57,C_watch,The Plumbinator — small Round Rock husband+wife operation. C_watch.,N/A — too small + young.,low,0.4
"G & M Plumbing, Inc.",,Pflugerville,Travis,78660,15303 Tacon Lane,,https://gandmplumbingtx.com/,,63,biz_history_proxy,38,38,2,5,False,[],70,Sonny+Eric Martinez brothers since 1987.,65,Pflugerville Austin metro.,50,Successor check NEGATIVE: 2-brother partnership = mutual successor.,90,Austin rollup very hot.,66,B_forward,G&M Plumbing — Sonny+Eric brothers Pflugerville. B_forward.,Forward.,medium,0.55
Beyond Wow Plumbing,,Austin,Travis,,,,https://beyondwow.com/,,65,biz_history_proxy,45,45,1,6,False,[],70,Beyond Wow Austin since 1980.,65,Austin mid.,55,Mid.,92,Austin rollup very hot.,68,B_forward,Beyond Wow — 45-yr Austin. B_forward.,Long-tenured Austin family. Forward.,low,0.4
Excalibur Plumbing,,Leander,Williamson,,,,https://www.excaliburplumbing.com/,,50,biz_history_proxy,14,14,1,4,False,[],40,Excalibur Leander 2011.,55,Leander small.,50,Modernized.,92,Austin rollup very hot.,55,C_watch,"Excalibur Plumbing — 14-yr Leander, owner too young. D_pass (just past 5-yr-gate, age too young).",N/A.,low,0.4
CRESCENT PLUMBING,,Austin,Travis,78728,,(512) 251-0419,,MANUEL E RODRIGUEZ,70,license_tenure_proxy,37,37,1,3,False,[],78,Manuel Rodriguez M-17053 since 1988.,55,N Austin small.,50,No website. Cap.,90,Austin rollup hot.,66,B_forward,Crescent Plumbing — long-tenured N Austin MP. C_watch.,N/A — thin.,low,0.3
CK PLUMBING LLC DBA CLARK KENT PLUMBING INC,Clark Kent Plumbing,Austin,Travis,78704,,(512) 477-2200,,GARY WAYNE HACKER,65,license_tenure_proxy,40,40,2,15,False,[],78,Gary W Hacker President + Cynthia Clarke VP (co-owner partnership). Hacker's TSBPE M-14195 is a pre-1990 legacy license = 35+ yrs MP tenure. Estimated age ~65 (MP'd before 1990 + journeyman path = born ~1955-1965). Confidence medium pending Travis CAD OV65 check on both Hacker and Clarke residences. Co-owner structure (Hacker + Clarke) means partner-to-partner sale to outside buyer rather than internal-succession-to-junior — fits Gideon's thesis if both are retirement-age.,88,"$10.6M revenue / 15 employees per D&B = squarely in SBA-7(a) jumbo + 504 real-estate financeable platform-bolt-on range. 40-yr operation. Multi-trade plumbing including 24/7 emergency, residential + commercial + hydro-jetting + camera inspection + boiler + lift station = comprehensive scope. PM Plumber license + 4 additional = clean license stack. 200+ Yelp reviews 4.4-star. Strong sellability score.",72,"At $10.6M revenue with 15 employees in 2026, the absence of a customer membership plan, the absence of true online booking (only contact form on clarkekentplumbing.com fetched 2026-05-16), and the absence of named technicians on the About page are SIGNIFICANT coasting tells. Modern plumbing shops at this scale all have ServiceTitan + Housecall Pro membership programs + technician hiring funnels. The Hacker-Clarke partnership has stopped pushing modernization in the last 5-7 years per the static About page tone.",90,"Austin is top-3 TX rollup metro. ZIP 78704 = premium South Austin (Travis Heights, Bouldin Creek, South Congress) = older housing stock + premium incomes = high recurring repair revenue density. Sub-market nudge +5 for premium Austin ZIP. Apex Service Partners (Alpine), Wrench Group, Service Champions all paying premium multiples in Austin. $10.6M revenue shop is in platform-acquirer SWEET SPOT ($300-800K EBITDA bolt-on at 5-7× = $1.5-5.5M sale). Plumbing rollup HOT (+9).",80,A_acquire_self,"Gary Hacker (President + RMP since pre-1990, M-14195) and Cynthia Clarke (VP) co-own Clarke Kent Plumbing, a 40-yr Austin operation generating $10.6M revenue with 15 employees (D&B-verified). Both principals are estimated retirement-window age (Hacker MP'd pre-1990 = age ~65+). At $10M+ revenue, the ABSENCE of a customer membership plan and the ABSENCE of true online booking on clarkekentplumbing.com (fetched 2026-05-16) are highly unusual modernization gaps — the partners have stopped pushing. Premium South Austin ZIP 78704 (Travis Heights / Bouldin / South Congress). Co-owner partnership means partner-to-partner exit to outside buyer rather than internal junior succession — fits Gideon's thesis. A_acquire_self pending TCAD OV65 verification on Hacker and Clarke residences + confirmation no younger partner-track successor.","Clarke Kent has $10.6M revenue at 40-yr operating maturity but zero modern revenue infrastructure: no recurring-service membership program, no true online booking, no SMS dispatch automation, no named technicians on the website. A bolt-on operator could: (a) launch a Plumb Sentinel monthly membership at $24.95/mo across existing customer base = $300-600K incremental ARR within 12 months; (b) migrate to ServiceTitan for dispatch + scheduling = 15-25% windshield-time reduction; (c) build a technician apprenticeship program tied to TSBPE Journeyman ladder = solve the bench-depth problem; (d) automated review generation = leverage 200+ existing 4.4-star reviews into 1000+ across Austin metro. Credible 25-40% EBITDA uplift over 18-24 months. Sale-leaseback on 1408 W Ben White (TCAD lookup) if owned by entity.",medium,0.75
GILLINGWATER CONSTRUCTION LLC,,Austin,Travis,78731,,(737) 313-8115,,MARTIN JAY JENKINS,60,license_tenure_proxy,26,26,1,4,False,[],60,Martin Jenkins M-20834 since 1999.,55,Austin NW Hills 78731 premium.,50,Construction-leaning — verify residential.,92,Austin rollup very hot + premium +5.,61,B_forward,Gillingwater Construction — 26-yr Austin NW Hills premium. C_watch — construction-leaning needs filter check.,N/A — borderline.,low,0.3
CENTEX ELITE PLUMBING LLC,,Austin,Travis,78725,10007 HERMES DR,(512) 284-6859,,ISAAC LOPEZ,55,license_tenure_proxy,16,16,1,3,False,[],50,Isaac Lopez M-39448 since 2009.,55,E Austin small.,50,Mid.,88,Austin rollup very hot.,57,C_watch,Centex Elite Plumbing — 16-yr E Austin small. C_watch.,N/A — too young.,low,0.3
"WPM CONSTRUCTION, INC",,Austin,Travis,78744,5415 MCKINNEY FALLS PKWY,(810) 606-1400,,ERIC JOSEPH CAMPOS,55,license_tenure_proxy,16,16,1,3,False,[],50,Eric Campos M-39450 since 2009.,50,SE Austin. Construction-leaning per legal name.,50,Mid.,88,Austin rollup very hot.,56,C_watch,WPM Construction — 16-yr SE Austin construction. C_watch — construction-leaning.,N/A — borderline.,low,0.3
TK PLUMBING,,Austin,Travis,,,,,TIMOTHY W KINSEY,45,license_tenure_proxy,10,10,1,2,False,[],45,Timothy Kinsey M-41442 since 2015.,50,Travis small.,50,Mid.,90,Austin rollup very hot.,54,C_watch,"TK Plumbing — 10-yr Travis, owner too young. D_pass.",N/A.,low,0.25
MIKES PLUMBING,,Round Rock,Williamson,78683,,(512) 636-4160,,MICHAEL E GAVIT,65,license_tenure_proxy,27,27,1,3,False,[],70,Michael Gavit M-20095 since 1998.,55,Round Rock small.,50,No website. Cap.,90,Austin/Round Rock rollup very hot.,63,B_forward,Mike's Plumbing — 27-yr Round Rock MP. C_watch — thin data.,N/A — thin.,low,0.3
MAG PLUMBING AND SERVICES,,San Marcos,Hays,78666,,(512) 353-4024,,ROBERT ROCHA,55,license_tenure_proxy,18,18,1,3,False,[],60,Robert Rocha M-38328 since 2007.,50,San Marcos Hays exurban Austin.,50,No website.,75,Hays exurban -5.,57,C_watch,MAG Plumbing — 18-yr San Marcos. C_watch.,N/A — exurban.,low,0.3
PAISLEY PLUMBING,,Wimberley,Hays,78676,,(512) 618-1890,,DANIEL PATRICK MATTINGLY,55,license_tenure_proxy,20,20,1,2,False,[],60,Daniel Mattingly M-37469 since 2005.,50,Wimberley Hays exurban.,50,No website.,70,Hays exurban -5.,56,C_watch,Paisley Plumbing — Wimberley exurban. C_watch.,N/A — exurban.,low,0.3
Lister Plumbing,,Galveston,Galveston,,,,https://www.listerplumbinginc.com/,,65,biz_history_proxy,42,42,3,8,False,[],70,Lister 3-gen since 1984.,70,Galveston + HVAC.,45,Successor check NEGATIVE: 3-gen.,70,Galveston secondary -3.,62,B_forward,Lister Plumbing — 3-gen Galveston. B_forward.,Forward.,medium,0.5
Kona Plumbing,,Galveston,Galveston,,,,https://www.konaplumbing.net/,,50,biz_history_proxy,20,20,1,3,False,[],50,Kona Plumbing 20+ yrs.,50,Galveston small.,50,Mid.,70,Galveston secondary -3.,53,C_watch,Kona Plumbing — small Galveston. C_watch.,N/A — secondary metro.,low,0.3
Beaumont Plumbing LLC,,Beaumont,Jefferson,,,,https://www.beaumontplumbingllc.com/,,45,biz_history_proxy,20,21,1,3,False,[],45,Damian Diaz 20+ yrs.,50,Beaumont Jefferson — secondary -5.,50,Mid.,60,Beaumont secondary -5.,50,C_watch,Beaumont Plumbing — Beaumont secondary. C_watch.,N/A — secondary metro + young.,low,0.3
Ballard Plumbing,,Beaumont,Jefferson,,,,https://www.ballardplumbing.net/,,50,biz_history_proxy,15,15,1,3,False,[],50,Ballard Plumbing.,50,Beaumont small.,50,Mid.,60,Beaumont secondary -5.,52,C_watch,Ballard Plumbing — Beaumont. C_watch — thin.,N/A — secondary.,low,0.25
DEWolfe's Affordable Plumbing,,Plano,Collin,,,,,,55,unverified,20,20,1,3,False,[],50,DeWolfe's Plano. Unverified.,50,Small Plano.,50,No website.,88,Collin rollup hot.,56,C_watch,"DeWolfe's Affordable Plumbing — Plano, no website, unverified. C_watch.",N/A — thin.,low,0.25
Best Quality Plumbing,,Plano,Collin,,,,https://www.bestqualityplumbingtx.com/,,55,biz_history_proxy,25,25,1,3,False,[],55,Best Quality Plano. Senior MP 25 yrs.,55,Plano small.,50,Mid.,88,Collin rollup hot.,58,C_watch,Best Quality Plumbing — Plano family. B_forward.,Plano Collin family. Forward.,low,0.35
S & B Plumbing,,Sugar Land,Fort Bend,77478,,(281) 898-0202,https://www.sandbplumbing.com/,WILLIAM K EDMUNDS,70,license_tenure_proxy,37,50,3,10,False,[],75,"William K Edmunds RMP M-16885 since 1988 = 37+ yrs MP tenure, age ~70. 3-gen MPs.",80,50-yr operation since 1976. Sugar Land Greater Houston. Value Plan membership. Online scheduling. ≈ $1.5-3M rev.,40,Successor check NEGATIVE: 3-gen Edmunds family MPs. Modernized intake.,85,Houston rollup hot. Sugar Land Fort Bend = ordinary baseline.,67,B_forward,S & B Plumbing — 3-gen Edmunds family Sugar Land. B_forward.,Long-tenured Sugar Land family plumbing. Forward to ETA / PE bolt-on.,medium,0.6
BARTSCH SERVICES INC,,The Woodlands,Montgomery,77380,,(281) 364-1944,,JEFFERY G BARTSCH,55,license_tenure_proxy,20,20,1,3,False,[],55,Jeffery Bartsch M-37279 since 2005.,60,The Woodlands Montgomery.,50,No website.,85,Houston rollup hot.,59,C_watch,Bartsch Services — 20-yr Woodlands MP. C_watch.,N/A — thin.,low,0.3
